occur_datetime,shooting_time_15min,statistical_murder,latitude,longitude,distance_to_empire
2014-04-01 05:20:00,2014-04-01 05:15:00,False,40.86473505400005,-73.90523289599997,14549.810226402942
2014-04-01 17:15:00,2014-04-01 17:15:00,False,40.701407302000064,-73.98380700399997,5273.487362362851
2014-04-01 18:10:00,2014-04-01 18:00:00,False,40.83623610200005,-73.88732083399998,12755.406058446071
2014-04-01 18:10:00,2014-04-01 18:00:00,False,40.83623610200005,-73.88732083399998,12755.406058446071
2014-04-01 20:45:00,2014-04-01 20:45:00,True,40.63454980700004,-74.16514387899997,19774.363175669663
2014-04-01 20:45:00,2014-04-01 20:45:00,True,40.63454980700004,-74.16514387899997,19774.363175669663
2014-04-01 23:05:00,2014-04-01 23:00:00,False,40.89781901500004,-73.85261914799997,19984.76139552465
2014-04-02 00:55:00,2014-04-02 00:45:00,True,40.813807276000034,-73.94986189899998,7822.47521004277
2014-04-02 01:38:00,2014-04-02 01:30:00,False,40.70164684200006,-73.93801152399999,6593.68795295412
2014-04-02 18:53:00,2014-04-02 18:45:00,False,40.64885074700004,-73.95101651099996,11488.04855167884
2014-04-03 18:10:00,2014-04-03 18:00:00,False,40.83383498300003,-73.87698697799993,13141.937227067387
2014-04-03 18:10:00,2014-04-03 18:00:00,False,40.83383498300003,-73.87698697799993,13141.937227067387
2014-04-03 20:34:00,2014-04-03 20:30:00,False,40.69872336600002,-73.82175513399993,14875.08661945723
2014-04-05 18:00:00,2014-04-05 18:00:00,False,40.80967291400003,-73.92019211299998,8715.633399839717
2014-04-06 03:52:00,2014-04-06 03:45:00,False,40.65111641600004,-73.94331417999997,11429.192710784644
2014-04-06 16:45:00,2014-04-06 16:45:00,True,40.88365734900003,-73.84784635199996,18943.494488068485
2014-04-06 17:54:00,2014-04-06 17:45:00,True,40.70275857600007,-73.92311071199998,7335.265514746338
2014-04-06 20:39:00,2014-04-06 20:30:00,True,40.67316448900005,-73.90776791099995,10658.851183093078
2014-04-06 22:59:00,2014-04-06 22:45:00,True,40.64601702200008,-73.94905939299997,11834.883510740538
2014-04-07 18:19:00,2014-04-07 18:15:00,False,40.66248765700004,-73.90401356999996,11800.209879442084
2014-04-07 20:14:00,2014-04-07 20:00:00,False,40.63437592300005,-73.88398017099996,15332.631378858321
2014-04-07 21:31:00,2014-04-07 21:30:00,False,40.68148045300006,-73.923988835,9103.62524964755
2014-04-08 17:19:00,2014-04-08 17:15:00,False,40.643795055000055,-73.94979528699997,12058.097049447728
2014-04-09 16:40:00,2014-04-09 16:30:00,False,40.68401183900005,-73.85775597599996,12950.215521425782
2014-04-09 19:37:00,2014-04-09 19:30:00,False,40.82147190800004,-73.90527914999996,10526.294250545263
2014-04-09 22:20:00,2014-04-09 22:15:00,False,40.86345854800004,-73.90173915299994,14564.166597187424
2014-04-10 00:15:00,2014-04-10 00:15:00,False,40.82139271900007,-73.95414124099993,8489.071519310148
2014-04-10 02:00:00,2014-04-10 02:00:00,False,40.66757466800004,-73.90729486299993,11179.534383420962
2014-04-10 20:56:00,2014-04-10 20:45:00,False,40.800880121000034,-73.94095425899997,6894.851043622811
2014-04-10 21:06:00,2014-04-10 21:00:00,False,40.841628859000025,-73.91447303899997,11924.064447525965
2014-04-11 20:14:00,2014-04-11 20:00:00,False,40.58685679800004,-74.10082612899998,20470.893909007915
2014-04-11 23:02:00,2014-04-11 23:00:00,False,40.59267447000008,-73.79921697099996,23411.15508946872
2014-04-12 00:23:00,2014-04-12 00:15:00,False,40.67342988900003,-73.95016570099993,8893.968230774894
2014-04-12 02:30:00,2014-04-12 02:30:00,False,40.67135982000008,-73.88181102299995,12266.127105241403
2014-04-12 02:30:00,2014-04-12 02:30:00,False,40.67135982000008,-73.88181102299995,12266.127105241403
2014-04-12 08:01:00,2014-04-12 08:00:00,False,40.81770875700005,-73.92397324099994,9244.146790526998
2014-04-12 11:15:00,2014-04-12 11:15:00,True,40.76053053900006,-73.91884500199996,5757.641086024286
2014-04-12 20:57:00,2014-04-12 20:45:00,False,40.63681841100004,-74.118651775,16770.605224776064
2014-04-13 00:20:00,2014-04-13 00:15:00,False,40.79482493000006,-73.938619094,6458.282824796081
2014-04-13 00:50:00,2014-04-13 00:45:00,False,40.59790775500005,-73.79868427399998,23013.20891818946
2014-04-13 20:29:00,2014-04-13 20:15:00,False,40.823203400000075,-73.86341808599997,13188.422892564355
2014-04-14 00:10:00,2014-04-14 00:00:00,True,40.69514176600006,-73.97512662299994,6031.219263393908
2014-04-14 01:59:00,2014-04-14 01:45:00,False,40.66563477700004,-73.90969912199995,11238.269874696924
2014-04-14 02:15:00,2014-04-14 02:15:00,False,40.65887849300003,-73.95334829299996,10359.86135866935
2014-04-14 11:56:00,2014-04-14 11:45:00,False,40.64507943900002,-73.95802445399994,11764.163116396294
2014-04-14 11:56:00,2014-04-14 11:45:00,False,40.64507943900002,-73.95802445399994,11764.163116396294
2014-04-14 19:30:00,2014-04-14 19:30:00,False,40.86969215300008,-73.86573650699995,16796.6647124465
2014-04-14 20:03:00,2014-04-14 20:00:00,False,40.66604187100006,-73.90696536899996,11333.933220234308
2014-04-14 20:05:00,2014-04-14 20:00:00,False,40.69577825400006,-73.94579380499994,6777.77437388037
2014-04-14 20:05:00,2014-04-14 20:00:00,False,40.69577825400006,-73.94579380499994,6777.77437388037
2014-04-14 20:14:00,2014-04-14 20:00:00,False,40.74308855500004,-73.98637354699997,641.9352485681735
2014-04-14 20:49:00,2014-04-14 20:45:00,False,40.85745373800006,-73.84754299099995,16751.626248544104
2014-04-15 02:54:00,2014-04-15 02:45:00,False,40.642218660000026,-74.09417605899995,14985.09829789873
2014-04-15 11:55:00,2014-04-15 11:45:00,True,40.853788175000034,-73.88318198199994,14502.062869985766
2014-04-17 03:23:00,2014-04-17 03:15:00,False,40.75497355600004,-73.94635517899997,3361.73935412669
2014-04-17 06:45:00,2014-04-17 06:45:00,True,40.69238790600008,-73.91513122899994,8629.455170565685
2014-04-17 16:52:00,2014-04-17 16:45:00,False,40.81593041000008,-73.94516645299996,8196.50573247269
2014-04-18 20:54:00,2014-04-18 20:45:00,False,40.63622838200007,-73.90778608299996,14127.368636144196
2014-04-19 03:00:00,2014-04-19 03:00:00,False,40.79188123000006,-73.93842250199998,6212.805594383893
2014-04-19 05:10:00,2014-04-19 05:00:00,True,40.68239691900004,-73.84008072399998,14304.169320615616
2014-04-19 06:06:00,2014-04-19 06:00:00,False,40.70004188700005,-73.92050479899996,7703.724136004592
2014-04-19 07:30:00,2014-04-19 07:30:00,False,40.70284761600004,-73.90528472099999,8469.828680152557
2014-04-19 11:00:00,2014-04-19 11:00:00,True,40.68708663800004,-73.83947249799996,14086.388052966688
2014-04-19 16:38:00,2014-04-19 16:30:00,False,40.707239816000026,-73.79272672599996,16883.324820685757
2014-04-20 01:12:00,2014-04-20 01:00:00,False,40.823179304000064,-73.86653649599998,12983.270777511849
2014-04-20 03:14:00,2014-04-20 03:00:00,False,40.86997466200006,-73.84994808599998,17649.63447957568
2014-04-20 04:40:00,2014-04-20 04:30:00,False,40.82711496400003,-73.94803187699995,9258.0996698898
2014-04-20 23:30:00,2014-04-20 23:30:00,False,40.63252818900003,-73.93366183399996,13647.447040217838
2014-04-20 23:30:00,2014-04-20 23:30:00,False,40.63252818900003,-73.93366183399996,13647.447040217838
2014-04-20 23:55:00,2014-04-20 23:45:00,False,40.83039411600004,-73.89402771499994,11895.008251411904
2014-04-22 00:50:00,2014-04-22 00:45:00,False,40.88931784400006,-73.842286012,19727.348714196214
2014-04-22 17:16:00,2014-04-22 17:15:00,False,40.81912668100006,-73.917390932,9692.068121044722
2014-04-22 17:16:00,2014-04-22 17:15:00,False,40.81912668100006,-73.917390932,9692.068121044722
2014-04-22 18:38:00,2014-04-22 18:30:00,False,40.845219800000045,-73.90844333899997,12526.103192035194
2014-04-22 19:50:00,2014-04-22 19:45:00,False,40.87499938900004,-73.86546047099995,17285.842954201526
2014-04-22 22:32:00,2014-04-22 22:30:00,False,40.67470195400006,-74.00292629399996,8372.148113463178
2014-04-24 14:00:00,2014-04-24 14:00:00,False,40.68746263400004,-73.96262127999995,7087.88829191917
2014-04-24 15:45:00,2014-04-24 15:45:00,False,40.81691600000005,-73.88663188999993,11248.634163096584
2014-04-25 01:28:00,2014-04-25 01:15:00,False,40.81359317800008,-73.94934884499997,7817.174655933404
2014-04-25 14:29:00,2014-04-25 14:15:00,False,40.689048942000056,-73.95861495499997,7019.570095281687
2014-04-25 14:32:00,2014-04-25 14:30:00,False,40.83047437800008,-73.90399482499998,11377.342014096077
2014-04-26 00:04:00,2014-04-26 00:00:00,False,40.67582683500007,-73.93045817899997,9345.459292324736
2014-04-26 00:11:00,2014-04-26 00:00:00,False,40.68034619500003,-73.93003636799993,8930.966751882746
2014-04-26 00:58:00,2014-04-26 00:45:00,False,40.81684371600005,-73.84806775099997,13819.196772981095
2014-04-26 12:43:00,2014-04-26 12:30:00,True,40.65764799100003,-73.92808486499996,11231.003925959543
2014-04-26 21:42:00,2014-04-26 21:30:00,True,40.88215723200005,-73.83191573999994,19665.349127031695
2014-04-27 16:18:00,2014-04-27 16:15:00,False,40.670167166000056,-73.91572929199998,10535.488175346767
2014-04-27 22:12:00,2014-04-27 22:00:00,False,40.82911148000005,-73.90553137999996,11178.497858544983
2014-04-28 18:46:00,2014-04-28 18:45:00,False,40.82959696200004,-73.89654735399995,11690.689636730092
2014-04-28 18:46:00,2014-04-28 18:45:00,False,40.82959696200004,-73.89654735399995,11690.689636730092
2014-04-28 21:05:00,2014-04-28 21:00:00,False,40.85872951500005,-73.90153872499997,14114.761149898766
2014-04-28 22:08:00,2014-04-28 22:00:00,False,40.87131485500004,-73.84640072399996,17956.665501131236
2014-04-29 16:56:00,2014-04-29 16:45:00,False,40.71163044200006,-73.98579991399998,4135.075342294564
2014-04-29 18:21:00,2014-04-29 18:15:00,False,40.83807137300005,-73.91820109799994,11424.806031479722
2014-04-29 22:15:00,2014-04-29 22:15:00,False,40.69244507000008,-73.96768881099996,6444.079018017788
2014-04-29 22:15:00,2014-04-29 22:15:00,False,40.69244507000008,-73.96768881099996,6444.079018017788
2014-04-29 22:15:00,2014-04-29 22:15:00,False,40.69244507000008,-73.96768881099996,6444.079018017788
2014-04-30 15:38:00,2014-04-30 15:30:00,False,40.689715154000055,-73.92244063099997,8447.92180269393
2014-05-01 15:47:00,2014-05-01 15:45:00,False,40.63068168700005,-73.97355419599995,13174.140992686614
2014-05-02 14:45:00,2014-05-02 14:45:00,False,40.691905322000025,-73.97754678999996,6363.049471846019
2014-05-02 15:44:00,2014-05-02 15:30:00,False,40.69882694000006,-73.93881791999996,6806.360504059731
2014-05-02 16:50:00,2014-05-02 16:45:00,False,40.60628976600003,-73.75421926999996,25126.185755099166
2014-05-02 20:52:00,2014-05-02 20:45:00,False,40.86476139300004,-73.88889694299996,15238.876142184185
2014-05-02 22:02:00,2014-05-02 22:00:00,False,40.85323839400007,-73.90787653099994,13320.261675714257
2014-05-02 23:07:00,2014-05-02 23:00:00,False,40.83227154700006,-73.91368284199996,11072.220679264088
2014-05-02 23:20:00,2014-05-02 23:15:00,False,40.85401989900004,-73.89701498899996,13864.558108743337
2014-05-04 01:30:00,2014-05-04 01:30:00,False,40.69975610100005,-73.92605702899994,7402.191626099576
2014-05-04 02:00:00,2014-05-04 02:00:00,False,40.81428776000007,-73.92364523699996,8947.56334687207
2014-05-04 02:35:00,2014-05-04 02:30:00,False,40.670881724000026,-73.90716905299996,10890.864733420212
2014-05-04 23:51:00,2014-05-04 23:45:00,False,40.63780404000005,-73.94237742399997,12866.62101740712
2014-05-05 00:10:00,2014-05-05 00:00:00,False,40.63578493000006,-73.89326441499996,14776.59715229214
2014-05-05 08:55:00,2014-05-05 08:45:00,False,40.82699212000006,-73.871534678,12942.32986186032
2014-05-05 18:35:00,2014-05-05 18:30:00,False,40.647536632000026,-73.89468210999996,13614.48903083513
2014-05-05 19:28:00,2014-05-05 19:15:00,True,40.68730824500005,-73.79346701799993,17564.38170186535
2014-05-06 05:07:00,2014-05-06 05:00:00,False,40.70370632200007,-73.94325706499995,6147.306556033537
2014-05-06 13:06:00,2014-05-06 13:00:00,False,40.664515470000026,-73.90659127399994,11490.446822771295
2014-05-06 15:25:00,2014-05-06 15:15:00,False,40.66753239900004,-73.86424961899996,13639.005056590984
2014-05-07 02:55:00,2014-05-07 02:45:00,False,40.81035186300005,-73.92494232599995,8529.6802412856
2014-05-07 09:33:00,2014-05-07 09:30:00,False,40.81790765800002,-73.938088167,8654.925197156444
2014-05-07 16:00:00,2014-05-07 16:00:00,False,40.81411462900007,-73.91718445799995,9259.291500708296
2014-05-07 19:00:00,2014-05-07 19:00:00,False,40.65753284800007,-73.91054985799997,11952.837856691911
2014-05-07 23:04:00,2014-05-07 23:00:00,False,40.69012912100004,-73.75641410199995,20373.770961399416
2014-05-08 18:40:00,2014-05-08 18:30:00,False,40.679988578000064,-73.90704325799999,10110.359734975733
2014-05-08 18:40:00,2014-05-08 18:30:00,False,40.679988578000064,-73.90704325799999,10110.359734975733
2014-05-08 20:40:00,2014-05-08 20:30:00,False,40.66269413400005,-73.88830693299997,12598.784784907459
2014-05-08 22:04:00,2014-05-08 22:00:00,True,40.87512714900004,-73.86649708599998,17246.594567332562
2014-05-09 04:42:00,2014-05-09 04:30:00,True,40.887212803000075,-73.83022891699994,20183.821569361946
2014-05-09 04:42:00,2014-05-09 04:30:00,True,40.887212803000075,-73.83022891699994,20183.821569361946
2014-05-09 06:45:00,2014-05-09 06:45:00,False,40.66113007200005,-73.92012900899994,11196.735610433183
2014-05-10 02:15:00,2014-05-10 02:15:00,False,40.861336866000045,-73.85758956199999,16501.979905649405
2014-05-10 15:04:00,2014-05-10 15:00:00,True,40.68620425700004,-73.76846433299994,19565.972612067148
2014-05-10 16:00:00,2014-05-10 16:00:00,False,40.818504658000045,-73.93950521399995,8659.973854926542
2014-05-11 01:16:00,2014-05-11 01:15:00,False,40.66441681700008,-73.89102344199993,12304.42381552832
2014-05-11 04:38:00,2014-05-11 04:30:00,True,40.83157733000007,-73.85095704999996,14589.143715439164
2014-05-11 18:44:00,2014-05-11 18:30:00,False,40.84664099200006,-73.91904265699996,12228.968074145016
2014-05-11 19:57:00,2014-05-11 19:45:00,False,40.69240396300006,-73.92944742599997,7848.925789250082
2014-05-11 20:54:00,2014-05-11 20:45:00,False,40.58594334500003,-73.81610192299996,23064.10975886106
2014-05-11 21:32:00,2014-05-11 21:30:00,True,40.88003808700006,-73.86236563499993,17892.893210574603
2014-05-11 23:54:00,2014-05-11 23:45:00,False,40.659356784000074,-73.92027079699993,11363.111187140865
2014-05-12 04:18:00,2014-05-12 04:15:00,False,40.88040123400003,-73.90375073499996,16165.609563635364
2014-05-12 07:05:00,2014-05-12 07:00:00,False,40.669385889000075,-73.76388332499994,20657.232604346347
2014-05-12 20:44:00,2014-05-12 20:30:00,False,40.66679493200007,-73.87572948799993,12987.74455673665
2014-05-13 15:30:00,2014-05-13 15:30:00,False,40.85742187900007,-73.90234725599998,13954.857564129004
2014-05-13 15:30:00,2014-05-13 15:30:00,False,40.85742187900007,-73.90234725599998,13954.857564129004
2014-05-13 22:37:00,2014-05-13 22:30:00,False,40.82934518200005,-73.88761548299993,12165.07142489795
2014-05-14 01:30:00,2014-05-14 01:30:00,False,40.60277623000008,-73.75011736499994,25641.577383560183
2014-05-15 04:20:00,2014-05-15 04:15:00,False,40.59586993600004,-73.78189565399998,24163.480825213766
2014-05-15 09:57:00,2014-05-15 09:45:00,False,40.672425455000045,-73.76313940199998,20571.701385208966
2014-05-15 18:00:00,2014-05-15 18:00:00,False,40.731989088000034,-73.81386930099995,14574.356818244978
2014-05-15 19:06:00,2014-05-15 19:00:00,False,40.704164168000034,-73.90750817199995,8232.030492671094
2014-05-15 19:06:00,2014-05-15 19:00:00,False,40.704164168000034,-73.90750817199995,8232.030492671094
2014-05-16 00:25:00,2014-05-16 00:15:00,False,40.82239144300007,-73.91988848999993,9868.02399869597
2014-05-16 14:37:00,2014-05-16 14:30:00,False,40.85332260600006,-73.90288916399999,13538.97150357443
2014-05-16 14:55:00,2014-05-16 14:45:00,False,40.656838623000056,-73.90938755899998,12070.223007679022
2014-05-17 01:00:00,2014-05-17 01:00:00,False,40.63898537500006,-74.17125343299993,19864.39034827032
2014-05-17 05:06:00,2014-05-17 05:00:00,False,40.90064634100003,-73.85144899799997,20300.542779261712
2014-05-17 05:46:00,2014-05-17 05:45:00,False,40.68211391400007,-73.90905666399993,9820.547145317314
2014-05-17 13:34:00,2014-05-17 13:30:00,False,40.57516741800004,-73.99802812099993,19338.179828057397
2014-05-17 13:34:00,2014-05-17 13:30:00,False,40.57516741800004,-73.99802812099993,19338.179828057397
2014-05-17 16:35:00,2014-05-17 16:30:00,False,40.65767526000008,-73.89704485399993,12578.412016369246
2014-05-17 21:17:00,2014-05-17 21:15:00,False,40.83072232800004,-73.82712605899997,16141.67145476925
2014-05-17 21:55:00,2014-05-17 21:45:00,False,40.67374939900003,-73.88340021499994,11984.44840858609
2014-05-17 22:04:00,2014-05-17 22:00:00,False,40.73469221800008,-73.81056260099997,14815.513108858731
2014-05-17 22:06:00,2014-05-17 22:00:00,False,40.863003822000046,-73.92425452099997,13701.217977414366
2014-05-17 22:50:00,2014-05-17 22:45:00,False,40.87630613400006,-73.87964663499997,16739.62120971324
2014-05-18 02:33:00,2014-05-18 02:30:00,False,40.65084857300008,-73.96191968199997,11072.387581862366
2014-05-18 06:24:00,2014-05-18 06:15:00,False,40.67342988900003,-73.95016570099993,8893.968230774894
2014-05-18 14:26:00,2014-05-18 14:15:00,False,40.85688579300006,-73.90319823699997,13867.430150030126
2014-05-18 15:40:00,2014-05-18 15:30:00,False,40.67060098900004,-73.90465617699994,11045.011501233426
2014-05-18 15:40:00,2014-05-18 15:30:00,True,40.67060098900004,-73.90465617699994,11045.011501233426
2014-05-18 17:46:00,2014-05-18 17:45:00,False,40.68335647700008,-73.88650582799994,11067.557383584235
2014-05-18 17:46:00,2014-05-18 17:45:00,False,40.68335647700008,-73.88650582799994,11067.557383584235
2014-05-19 13:43:00,2014-05-19 13:30:00,False,40.86942475700005,-73.85135603999998,17526.512293339605
2014-05-19 13:43:00,2014-05-19 13:30:00,False,40.86942475700005,-73.85135603999998,17526.512293339605
2014-05-19 14:45:00,2014-05-19 14:45:00,False,40.82372987900004,-73.90891167899997,10530.305463262177
2014-05-19 20:20:00,2014-05-19 20:15:00,False,40.66513739000004,-73.90772359,11378.876760945372
2014-05-19 21:45:00,2014-05-19 21:45:00,False,40.80723932400008,-73.93630798799995,7701.164560810607
2014-05-20 17:54:00,2014-05-20 17:45:00,False,40.69206743400008,-73.95467485299997,6821.76066555822
2014-05-20 18:16:00,2014-05-20 18:15:00,False,40.81211721100004,-73.95516975199997,7485.55796472385
2014-05-21 02:30:00,2014-05-21 02:30:00,False,40.80653857400006,-73.91891149799994,8518.485870023233
2014-05-21 08:54:00,2014-05-21 08:45:00,True,40.88526491300007,-73.84344454699993,19312.160384784587
2014-05-21 18:28:00,2014-05-21 18:15:00,False,40.83877899600003,-73.86470317999994,14260.071039030607
2014-05-21 22:30:00,2014-05-21 22:30:00,False,40.659632259000034,-73.88818973899998,12865.888992366969
2014-05-21 23:35:00,2014-05-21 23:30:00,False,40.83718566500005,-73.90798097499999,11792.36231395992
2014-05-22 00:01:00,2014-05-22 00:00:00,False,40.64968719900003,-73.89340884899997,13478.770660238908
2014-05-23 00:28:00,2014-05-23 00:15:00,False,40.690211830000074,-73.94527569499996,7342.795961872087
2014-05-23 17:54:00,2014-05-23 17:45:00,False,40.67125355700006,-73.926714754,9943.621322908539
2014-05-24 02:42:00,2014-05-24 02:30:00,False,40.68913742500007,-73.93178815899995,8029.5126726361395
2014-05-24 18:48:00,2014-05-24 18:45:00,False,40.67289722900006,-73.76896791299998,20103.147200595387
2014-05-24 18:48:00,2014-05-24 18:45:00,False,40.67289722900006,-73.76896791299998,20103.147200595387
2014-05-24 22:14:00,2014-05-24 22:00:00,False,40.64134611000002,-74.08682975699996,14693.222758252754
2014-05-25 00:21:00,2014-05-25 00:15:00,False,40.674938232000045,-73.86606841499997,12988.260388577946
2014-05-25 06:17:00,2014-05-25 06:15:00,True,40.663055175000075,-73.92364037299996,10865.8524529535
2014-05-25 16:14:00,2014-05-25 16:00:00,False,40.84524778900004,-73.88295527099997,13761.576861749878
2014-05-25 21:25:00,2014-05-25 21:15:00,False,40.67553954500005,-73.90161742599997,10783.842686314832
2014-05-25 22:10:00,2014-05-25 22:00:00,False,40.69916595000007,-73.79206818499993,17204.394909911643
2014-05-25 22:10:00,2014-05-25 22:00:00,False,40.69916595000007,-73.79206818499993,17204.394909911643
2014-05-25 23:55:00,2014-05-25 23:45:00,False,40.65178248800004,-73.88545585999998,13691.032804853092
2014-05-26 01:20:00,2014-05-26 01:15:00,False,40.67583105800002,-73.75296751699993,21207.25061747092
2014-05-26 01:20:00,2014-05-26 01:15:00,True,40.67583105800002,-73.75296751699993,21207.25061747092
2014-05-26 01:20:00,2014-05-26 01:15:00,True,40.67583105800002,-73.75296751699993,21207.25061747092
2014-05-26 01:20:00,2014-05-26 01:15:00,False,40.67583105800002,-73.75296751699993,21207.25061747092
2014-05-26 02:30:00,2014-05-26 02:30:00,False,40.67488192700006,-73.92751064699996,9561.289713727718
2014-05-26 06:43:00,2014-05-26 06:30:00,False,40.84993293200006,-73.90562108999995,13097.55426421087
2014-05-26 22:05:00,2014-05-26 22:00:00,False,40.63578493000006,-73.89326441499996,14776.59715229214
2014-05-26 22:05:00,2014-05-26 22:00:00,False,40.63578493000006,-73.89326441499996,14776.59715229214
2014-05-26 22:48:00,2014-05-26 22:45:00,False,40.70845100500002,-73.93941256899996,5931.383250272343
2014-05-27 00:25:00,2014-05-27 00:15:00,False,40.702322012000025,-73.82409204699997,14545.335634106656
2014-05-27 02:10:00,2014-05-27 02:00:00,False,40.81308955900005,-73.95797833099994,7511.204760437194
2014-05-27 02:29:00,2014-05-27 02:15:00,True,40.645010092000064,-74.00863538199997,11707.438352270585
2014-05-27 03:30:00,2014-05-27 03:30:00,False,40.86559005800007,-73.92219168099997,14033.021693004901
2014-05-27 04:53:00,2014-05-27 04:45:00,False,40.61652927200004,-73.92810214799994,15483.611035191887
2014-05-28 00:35:00,2014-05-28 00:30:00,False,40.68090044500008,-73.87136722999996,12224.851853888056
2014-05-29 19:32:00,2014-05-29 19:30:00,True,40.67148788700007,-73.93921948499997,9439.57588317561
2014-05-30 20:28:00,2014-05-30 20:15:00,False,40.641279835000034,-73.95639455799994,12205.540719469927
2014-05-30 20:28:00,2014-05-30 20:15:00,False,40.641279835000034,-73.95639455799994,12205.540719469927
2014-05-30 23:30:00,2014-05-30 23:30:00,False,40.77544406200008,-73.93300361299998,5316.113601075211
2014-05-31 06:22:00,2014-05-31 06:15:00,False,40.66692898300005,-73.89560852899997,11841.87229386951
2014-05-31 10:45:00,2014-05-31 10:45:00,False,40.68773229400006,-73.93749012499995,7903.022576056297
2014-05-31 17:00:00,2014-05-31 17:00:00,False,40.814803479000034,-73.95628448399998,7736.795365035039
2014-05-31 20:09:00,2014-05-31 20:00:00,False,40.67349240900006,-73.93486707499994,9397.544577471761
2014-05-31 20:09:00,2014-05-31 20:00:00,False,40.67349240900006,-73.93486707499994,9397.544577471761
2014-05-31 20:14:00,2014-05-31 20:00:00,False,40.69022360400004,-73.96027858599997,6851.3667156182055
2014-05-31 21:55:00,2014-05-31 21:45:00,False,40.69280105100006,-73.93251734399996,7660.244536877193
2014-05-31 23:00:00,2014-05-31 23:00:00,False,40.66910183600004,-73.89710291699998,11575.624263701251
2014-05-31 23:00:00,2014-05-31 23:00:00,False,40.63242375600004,-73.88404548799997,15510.294758058137
2014-05-31 23:00:00,2014-05-31 23:00:00,False,40.66910183600004,-73.89710291699998,11575.624263701251
2014-06-01 00:15:00,2014-06-01 00:15:00,False,40.81620584400008,-73.89600119299996,10622.677804592464
2014-06-01 01:40:00,2014-06-01 01:30:00,False,40.66022489200003,-73.89674176099999,12366.473428988094
2014-06-01 02:00:00,2014-06-01 02:00:00,False,40.67602127400005,-73.88127438199997,11940.883128559452
2014-06-01 05:26:00,2014-06-01 05:15:00,False,40.67875679700006,-73.793994189,17916.93329691225
2014-06-02 17:45:00,2014-06-02 17:45:00,True,40.689622026000045,-73.96014935699996,6918.3576977960765
2014-06-02 21:54:00,2014-06-02 21:45:00,False,40.676027273000045,-73.94853220099996,8670.69732417648
2014-06-02 23:34:00,2014-06-02 23:30:00,False,40.67322433700008,-73.89138126799998,11553.71672753657
2014-06-03 02:45:00,2014-06-03 02:45:00,False,40.80037966700007,-73.95078988499995,6432.767581581317
2014-06-03 04:20:00,2014-06-03 04:15:00,False,40.65126096500006,-73.94962118899997,11259.88184518557
2014-06-03 18:52:00,2014-06-03 18:45:00,False,40.81269978300002,-73.95312848899994,7606.242379182403
2014-06-04 18:54:00,2014-06-04 18:45:00,False,40.66833196100004,-73.89690336599993,11652.098102809348
2014-06-04 22:23:00,2014-06-04 22:15:00,False,40.807382407000034,-73.94051072899998,7530.791440518937
2014-06-04 22:23:00,2014-06-04 22:15:00,False,40.807382407000034,-73.94051072899998,7530.791440518937
2014-06-04 22:49:00,2014-06-04 22:45:00,True,40.85712083200008,-73.89051339899999,14451.772601302473
2014-06-04 22:49:00,2014-06-04 22:45:00,False,40.85712083200008,-73.89051339899999,14451.772601302473
2014-06-04 22:49:00,2014-06-04 22:45:00,True,40.85712083200008,-73.89051339899999,14451.772601302473
2014-06-04 22:49:00,2014-06-04 22:45:00,False,40.85712083200008,-73.89051339899999,14451.772601302473
2014-06-04 23:29:00,2014-06-04 23:15:00,False,40.69065484200007,-73.90804256199993,9184.724777143836
2014-06-04 23:45:00,2014-06-04 23:45:00,False,40.65829389500004,-73.90542006099997,12116.308781221884
2014-06-04 23:45:00,2014-06-04 23:45:00,False,40.65829389500004,-73.90542006099997,12116.308781221884
2014-06-05 18:20:00,2014-06-05 18:15:00,False,40.66429272600004,-73.88626454499996,12577.887146472971
2014-06-05 18:20:00,2014-06-05 18:15:00,False,40.66429272600004,-73.88626454499996,12577.887146472971
2014-06-06 08:30:00,2014-06-06 08:30:00,False,40.74784555200006,-73.99477916399997,795.1090940766322
2014-06-06 09:13:00,2014-06-06 09:00:00,False,40.83940978800007,-73.85871234599993,14671.800002232023
2014-06-06 20:36:00,2014-06-06 20:30:00,True,40.63584491100005,-74.16509033699998,19678.5519885184
2014-06-07 03:15:00,2014-06-07 03:15:00,False,40.72703629900008,-73.78762623199998,16840.387556325393
2014-06-07 03:50:00,2014-06-07 03:45:00,False,40.80802051900002,-73.94912483299998,7258.201738300749
2014-06-07 04:56:00,2014-06-07 04:45:00,False,40.84728122100006,-73.90733561099995,12770.510408724975
2014-06-07 04:56:00,2014-06-07 04:45:00,False,40.84728122100006,-73.90733561099995,12770.510408724975
2014-06-07 18:24:00,2014-06-07 18:15:00,True,40.86071568800003,-73.89924873799998,14402.470035238477
2014-06-07 20:58:00,2014-06-07 20:45:00,False,40.84266605300007,-73.88894807499997,13223.50834733523
2014-06-07 22:24:00,2014-06-07 22:15:00,False,40.81418101000003,-73.92121337399993,9058.611335129373
2014-06-08 00:53:00,2014-06-08 00:45:00,True,40.68846608500007,-73.93763524899998,7826.694511563598
2014-06-08 00:53:00,2014-06-08 00:45:00,False,40.68846608500007,-73.93763524899998,7826.694511563598
2014-06-08 00:53:00,2014-06-08 00:45:00,True,40.68846608500007,-73.93763524899998,7826.694511563598
2014-06-08 00:53:00,2014-06-08 00:45:00,True,40.68846608500007,-73.93763524899998,7826.694511563598
2014-06-08 00:53:00,2014-06-08 00:45:00,False,40.68846608500007,-73.93763524899998,7826.694511563598
2014-06-08 00:53:00,2014-06-08 00:45:00,False,40.68846608500007,-73.93763524899998,7826.694511563598
2014-06-08 01:20:00,2014-06-08 01:15:00,False,40.82974592000005,-73.93864085599995,9823.178760149567
2014-06-08 06:00:00,2014-06-08 06:00:00,False,40.65887849300003,-73.95334829299996,10359.86135866935
2014-06-08 20:14:00,2014-06-08 20:00:00,False,40.84844680300006,-73.92390535399994,12228.99941261235
2014-06-08 21:24:00,2014-06-08 21:15:00,False,40.86544761100004,-73.86685275399998,16364.165774653758
2014-06-08 21:55:00,2014-06-08 21:45:00,False,40.70336786600007,-73.80671586299997,15884.995370148508
2014-06-09 01:40:00,2014-06-09 01:30:00,False,40.681685180000045,-73.77114041299996,19542.307301910503
2014-06-09 01:55:00,2014-06-09 01:45:00,False,40.860803574000045,-73.85751614099996,16461.13446719901
2014-06-09 15:37:00,2014-06-09 15:30:00,False,40.67379170500004,-73.94037955999994,9165.86873768966
2014-06-10 18:45:00,2014-06-10 18:45:00,False,40.65513432100005,-73.93416216499996,11277.901166412428
2014-06-10 22:38:00,2014-06-10 22:30:00,False,40.85238250900005,-73.91351531899994,13009.903602138931
2014-06-11 01:06:00,2014-06-11 01:00:00,False,40.60219430800004,-73.74910265799997,25748.847960795185
2014-06-11 11:00:00,2014-06-11 11:00:00,False,40.65118473200005,-73.91376553999999,12423.90289795989
2014-06-11 22:20:00,2014-06-11 22:15:00,False,40.797299958000046,-73.94892760899995,6205.700762176288
2014-06-11 22:50:00,2014-06-11 22:45:00,False,40.648061736000045,-73.94637063899995,11677.298527584151
2014-06-12 04:22:00,2014-06-12 04:15:00,False,40.67458962200004,-73.80393817599997,17381.67460996519
2014-06-12 08:56:00,2014-06-12 08:45:00,False,40.66757466800004,-73.90729486299993,11179.534383420962
2014-06-13 23:20:00,2014-06-13 23:15:00,False,40.902771622000046,-73.85094639499994,20520.684701240643
2014-06-14 02:15:00,2014-06-14 02:15:00,False,40.87343130500005,-73.84342381999994,18298.3487131055
2014-06-14 02:30:00,2014-06-14 02:30:00,True,40.68213438200007,-73.76678342899999,19863.412400379308
2014-06-14 15:00:00,2014-06-14 15:00:00,False,40.79482493000006,-73.938619094,6458.282824796081
2014-06-15 01:08:00,2014-06-15 01:00:00,False,40.59622251900004,-73.78824956799998,23757.764593149328
2014-06-15 02:20:00,2014-06-15 02:15:00,False,40.83030623600007,-73.89787083199997,11680.73906461518
2014-06-15 02:20:00,2014-06-15 02:15:00,False,40.85399676100008,-73.89897718699996,13774.426720345306
2014-06-15 03:00:00,2014-06-15 03:00:00,False,40.64189128000004,-73.96068074799997,12071.263728257054
2014-06-15 03:30:00,2014-06-15 03:30:00,False,40.63907783700006,-73.95314234299997,12502.339970344437
2014-06-15 18:37:00,2014-06-15 18:30:00,False,40.671406122000064,-73.92948405699997,9814.652538943275
2014-06-15 20:21:00,2014-06-15 20:15:00,False,40.67765941700002,-73.94976956899995,8463.929295517686
2014-06-16 01:00:00,2014-06-16 01:00:00,False,40.80848395900006,-73.91293839399998,9015.205550804525
2014-06-16 01:09:00,2014-06-16 01:00:00,False,40.67336350200002,-73.96183292299997,8622.528631002508
2014-06-16 01:30:00,2014-06-16 01:30:00,True,40.67409178400004,-73.94592949499997,8951.200200998343
2014-06-16 16:45:00,2014-06-16 16:45:00,False,40.84793206300003,-73.91620010799994,12466.845665408904
2014-06-16 21:58:00,2014-06-16 21:45:00,True,40.79397898800005,-73.93844493899996,6393.110110047727
2014-06-17 19:04:00,2014-06-17 19:00:00,False,40.67265751700006,-73.89076754299998,11635.085564817995
2014-06-17 19:04:00,2014-06-17 19:00:00,False,40.67265751700006,-73.89076754299998,11635.085564817995
2014-06-17 21:59:00,2014-06-17 21:45:00,False,40.86285061500007,-73.92134235599997,13779.520640624702
2014-06-17 22:50:00,2014-06-17 22:45:00,False,40.84793206300003,-73.91620010799994,12466.845665408904
2014-06-17 23:00:00,2014-06-17 23:00:00,False,40.659930993000046,-73.92412647299993,11152.991624999444
2014-06-17 23:35:00,2014-06-17 23:30:00,False,40.63768356600008,-73.89249617299998,14631.968280561663
2014-06-17 23:38:00,2014-06-17 23:30:00,False,40.64560591300005,-73.89252957999997,13894.139098732583
2014-06-17 23:38:00,2014-06-17 23:30:00,False,40.64560591300005,-73.89252957999997,13894.139098732583
2014-06-18 00:45:00,2014-06-18 00:45:00,False,40.84041478200004,-73.91082981399995,11965.515102701596
2014-06-18 04:29:00,2014-06-18 04:15:00,False,40.63413269700004,-73.90233779899995,14549.840579805059
2014-06-18 14:52:00,2014-06-18 14:45:00,False,40.83509360400007,-73.90804801299998,11596.122673912849
2014-06-18 18:10:00,2014-06-18 18:00:00,False,40.57622859500003,-73.99876761699994,19223.911221996066
2014-06-18 23:47:00,2014-06-18 23:45:00,True,40.702788403000056,-73.77919276999995,18117.012350397577
2014-06-19 00:15:00,2014-06-19 00:15:00,False,40.82472721600004,-73.91893246699993,10128.60775174985
2014-06-19 00:45:00,2014-06-19 00:45:00,True,40.86329226700008,-73.88980864699994,15059.824000833612
2014-06-19 00:56:00,2014-06-19 00:45:00,False,40.68079602000006,-73.91957545999996,9381.48989119223
2014-06-19 03:34:00,2014-06-19 03:30:00,False,40.800880121000034,-73.94095425899997,6894.851043622811
2014-06-19 23:44:00,2014-06-19 23:30:00,True,40.82171487700003,-73.95679660999998,8456.711040435179
2014-06-19 23:44:00,2014-06-19 23:30:00,False,40.82171487700003,-73.95679660999998,8456.711040435179
2014-06-19 23:44:00,2014-06-19 23:30:00,False,40.82171487700003,-73.95679660999998,8456.711040435179
2014-06-19 23:44:00,2014-06-19 23:30:00,True,40.82171487700003,-73.95679660999998,8456.711040435179
2014-06-20 04:53:00,2014-06-20 04:45:00,True,40.85031524400006,-73.89205448299998,13753.190580700759
2014-06-20 22:45:00,2014-06-20 22:45:00,False,40.76956025500005,-73.91536254599998,6336.060444980152
2014-06-20 23:22:00,2014-06-20 23:15:00,False,40.88179213100005,-73.86371450799999,17987.33682181208
2014-06-21 02:30:00,2014-06-21 02:30:00,False,40.82291230800007,-73.87004130399998,12737.953030268352
2014-06-21 02:30:00,2014-06-21 02:30:00,False,40.82291230800007,-73.87004130399998,12737.953030268352
2014-06-21 02:33:00,2014-06-21 02:30:00,False,40.57552062800005,-73.99484909799997,19286.055651124512
2014-06-21 02:57:00,2014-06-21 02:45:00,False,40.90348934600007,-73.85034201899998,20615.269552295085
2014-06-21 03:17:00,2014-06-21 03:15:00,False,40.69684619600008,-73.93650833599997,7098.659164177229
2014-06-21 03:18:00,2014-06-21 03:15:00,False,40.800880121000034,-73.94095425899997,6894.851043622811
2014-06-21 04:15:00,2014-06-21 04:15:00,False,40.65040999500008,-73.89421629099996,13373.848474493516
2014-06-21 04:45:00,2014-06-21 04:45:00,False,40.85403864300008,-73.88404570699998,14481.519022195347
2014-06-21 22:40:00,2014-06-21 22:30:00,False,40.621794352000045,-74.08242310999998,16321.269518122
2014-06-22 00:05:00,2014-06-22 00:00:00,False,40.88427955600008,-73.84717950099997,19032.519599766623
2014-06-22 01:05:00,2014-06-22 01:00:00,True,40.89235041300003,-73.85644166899993,19301.169303068982
2014-06-22 01:05:00,2014-06-22 01:00:00,True,40.89235041300003,-73.85644166899993,19301.169303068982
2014-06-22 01:05:00,2014-06-22 01:00:00,True,40.89235041300003,-73.85644166899993,19301.169303068982
2014-06-22 01:05:00,2014-06-22 01:00:00,False,40.89235041300003,-73.85644166899993,19301.169303068982
2014-06-22 01:05:00,2014-06-22 01:00:00,False,40.89235041300003,-73.85644166899993,19301.169303068982
2014-06-22 01:05:00,2014-06-22 01:00:00,False,40.89235041300003,-73.85644166899993,19301.169303068982
2014-06-22 02:02:00,2014-06-22 02:00:00,True,40.66736782100002,-73.90338338599997,11395.158587511032
2014-06-22 04:00:00,2014-06-22 04:00:00,False,40.812297140000055,-73.92350076099996,8775.681652931733
2014-06-22 04:30:00,2014-06-22 04:30:00,False,40.697812225000064,-73.90509442699994,8831.525522645743
2014-06-22 07:56:00,2014-06-22 07:45:00,False,40.65669668100002,-73.91033698399998,12041.3387754533
2014-06-22 22:45:00,2014-06-22 22:45:00,False,40.65002964200005,-73.915547512,12464.619613766617
2014-06-23 02:45:00,2014-06-23 02:45:00,False,40.63941741800005,-73.95698354299996,12398.80142600651
2014-06-24 02:00:00,2014-06-24 02:00:00,False,40.662789631000074,-73.88085661199993,13007.80746466751
2014-06-24 04:00:00,2014-06-24 04:00:00,False,40.64047464800007,-73.94846548699996,12443.628462722952
2014-06-24 16:25:00,2014-06-24 16:15:00,False,40.66251934400003,-73.927012027,10785.50806865993
2014-06-24 23:35:00,2014-06-24 23:30:00,False,40.86189412900006,-73.85766112499994,16545.06537224795
2014-06-25 01:42:00,2014-06-25 01:30:00,False,40.59233571100003,-73.98148808399996,17403.09795305619
2014-06-25 03:45:00,2014-06-25 03:45:00,False,40.63467367100003,-73.89065722499998,14997.820956122416
2014-06-25 04:14:00,2014-06-25 04:00:00,False,40.84860180000004,-73.88541107899994,13928.059422535025
2014-06-25 16:14:00,2014-06-25 16:00:00,False,40.810276010000045,-73.92562245099998,8488.821956439046
2014-06-26 22:51:00,2014-06-26 22:45:00,False,40.85214828000005,-73.92069849099995,12716.299788579965
2014-06-26 22:51:00,2014-06-26 22:45:00,False,40.85214828000005,-73.92069849099995,12716.299788579965
2014-06-27 14:55:00,2014-06-27 14:45:00,False,40.81728076000008,-73.90648411699993,10106.133545508868
2014-06-27 17:40:00,2014-06-27 17:30:00,False,40.81035186300005,-73.92494232599995,8529.6802412856
2014-06-28 10:53:00,2014-06-28 10:45:00,False,40.831357645000026,-73.89227449999998,12072.231190226239
2014-06-28 19:22:00,2014-06-28 19:15:00,False,40.57593439500005,-73.99113524499995,19229.695150871135
2014-06-28 19:22:00,2014-06-28 19:15:00,False,40.57593439500005,-73.99113524499995,19229.695150871135
2014-06-28 22:19:00,2014-06-28 22:15:00,True,40.68966559600005,-73.74400606199998,21382.86824052938
2014-06-28 22:55:00,2014-06-28 22:45:00,False,40.787568458000074,-73.94313075099996,5590.641493152965
2014-06-29 00:15:00,2014-06-29 00:15:00,False,40.81700447000002,-73.89923542999996,10495.374334239501
2014-06-29 01:52:00,2014-06-29 01:45:00,False,40.80093037300002,-73.94109824099996,6892.969384593255
2014-06-29 01:52:00,2014-06-29 01:45:00,False,40.80093037300002,-73.94109824099996,6892.969384593255
2014-06-29 01:52:00,2014-06-29 01:45:00,False,40.80093037300002,-73.94109824099996,6892.969384593255
2014-06-29 03:10:00,2014-06-29 03:00:00,True,40.570776170000045,-74.12238388099996,22921.36801972472
2014-06-29 03:27:00,2014-06-29 03:15:00,True,40.671111778000075,-73.91356358699994,10552.155943109452
2014-06-29 03:27:00,2014-06-29 03:15:00,False,40.671111778000075,-73.91356358699994,10552.155943109452
2014-06-29 03:27:00,2014-06-29 03:15:00,False,40.671111778000075,-73.91356358699994,10552.155943109452
2014-06-29 03:27:00,2014-06-29 03:15:00,True,40.671111778000075,-73.91356358699994,10552.155943109452
2014-06-29 04:00:00,2014-06-29 04:00:00,False,40.67464178200004,-73.92318255599997,9775.110669187483
2014-06-29 04:58:00,2014-06-29 04:45:00,True,40.87065077000005,-73.89949604999998,15356.873399537146
2014-06-29 07:00:00,2014-06-29 07:00:00,False,40.65978895000006,-73.88291280799997,13140.611513552722
2014-06-29 16:30:00,2014-06-29 16:30:00,False,40.65023312100004,-73.94272976899998,11537.874399599186
2014-06-29 21:32:00,2014-06-29 21:30:00,False,40.83127037600008,-73.91426750699996,10952.11017336498
2014-06-29 21:32:00,2014-06-29 21:30:00,False,40.83127037600008,-73.91426750699996,10952.11017336498
2014-06-29 23:25:00,2014-06-29 23:15:00,False,40.64024728800007,-73.91946218499999,13291.810795049672
2014-06-30 01:09:00,2014-06-30 01:00:00,True,40.87823748500006,-73.84301495399995,18728.02306382076
2014-06-30 01:15:00,2014-06-30 01:15:00,False,40.62742714000007,-73.92099544699995,14550.197143616684
2014-06-30 11:17:00,2014-06-30 11:15:00,False,40.670557271000064,-73.99612283899995,8748.650991392105
2014-06-30 11:17:00,2014-06-30 11:15:00,False,40.670557271000064,-73.99612283899995,8748.650991392105
2014-07-01 00:55:00,2014-07-01 00:45:00,False,40.83924503100008,-73.86668451399999,14178.364541151434
2014-07-01 05:25:00,2014-07-01 05:15:00,False,40.859090148000064,-73.90707920799997,13922.643344328866
2014-07-01 17:18:00,2014-07-01 17:15:00,False,40.90152792600002,-73.84693885099993,20594.420265877805
2014-07-01 21:00:00,2014-07-01 21:00:00,False,40.87512195600005,-73.90899653699995,15447.415109991245
2014-07-02 02:15:00,2014-07-02 02:15:00,False,40.87155193600006,-73.90239927199997,15332.431017330078
2014-07-02 09:45:00,2014-07-02 09:45:00,False,40.63406917500004,-73.88918035399996,15121.221483050718
2014-07-02 16:37:00,2014-07-02 16:30:00,False,40.68987023600005,-73.93193254699997,7955.384482667739
2014-07-02 20:00:00,2014-07-02 20:00:00,False,40.82338673200008,-73.87016977299999,12763.886617325352
2014-07-02 20:00:00,2014-07-02 20:00:00,False,40.82338673200008,-73.87016977299999,12763.886617325352
2014-07-02 23:20:00,2014-07-02 23:15:00,False,40.86368217600005,-73.82173103399998,18787.242757813245
2014-07-02 23:20:00,2014-07-02 23:15:00,False,40.86368217600005,-73.82173103399998,18787.242757813245
2014-07-03 16:30:00,2014-07-03 16:30:00,False,40.77375658000005,-73.93208171199996,5279.899089397404
2014-07-03 16:30:00,2014-07-03 16:30:00,False,40.77375658000005,-73.93208171199996,5279.899089397404
2014-07-03 19:46:00,2014-07-03 19:45:00,True,40.67288087300005,-73.92368950699995,9918.430974211396
2014-07-04 00:25:00,2014-07-04 00:15:00,False,40.59403780700006,-73.757778692,25784.02819193998
2014-07-04 04:07:00,2014-07-04 04:00:00,False,40.66165185500006,-73.90965990899997,11607.424233260497
2014-07-04 20:30:00,2014-07-04 20:30:00,False,40.68695239200008,-73.947530837,7584.329220007891
2014-07-04 21:30:00,2014-07-04 21:30:00,False,40.82389139600008,-73.91400489699998,10288.14426397914
2014-07-04 22:39:00,2014-07-04 22:30:00,False,40.81600399600006,-73.94131882499995,8343.03136986672
2014-07-04 23:42:00,2014-07-04 23:30:00,False,40.90538926700003,-73.84948488999999,20831.268633630963
2014-07-05 01:35:00,2014-07-05 01:30:00,False,40.845044993000045,-73.88041747199996,13879.09359256388
2014-07-05 01:59:00,2014-07-05 01:45:00,False,40.67687746200005,-74.00664177599998,8196.7004021799
2014-07-05 05:30:00,2014-07-05 05:30:00,False,40.82948686900005,-73.89905888899993,11546.990115324672
2014-07-05 14:35:00,2014-07-05 14:30:00,False,40.82970931600005,-73.91931597599995,10577.569145040801
2014-07-05 17:05:00,2014-07-05 17:00:00,False,40.68156828000008,-73.91284922299997,9660.976804282456
2014-07-06 00:05:00,2014-07-06 00:00:00,False,40.59556999800003,-73.747101634,26350.688846653713
2014-07-06 01:15:00,2014-07-06 01:15:00,False,40.87048903000005,-73.89151983099998,15668.66840961711
2014-07-06 01:17:00,2014-07-06 01:15:00,False,40.68154049100008,-73.93920536599995,8434.395743301431
2014-07-06 02:15:00,2014-07-06 02:15:00,False,40.820981508000045,-73.89283957099997,11187.344859514325
2014-07-06 02:25:00,2014-07-06 02:15:00,True,40.68053499800004,-73.95708636599994,7959.498197498548
2014-07-06 02:25:00,2014-07-06 02:15:00,True,40.68053499800004,-73.95708636599994,7959.498197498548
2014-07-06 03:50:00,2014-07-06 03:45:00,False,40.859349070000064,-73.90447620299993,14052.911595806983
2014-07-06 04:00:00,2014-07-06 04:00:00,False,40.82272254000002,-73.90314134699997,10748.47682574828
2014-07-06 04:01:00,2014-07-06 04:00:00,True,40.62561030000006,-74.07503292599995,15645.12641714647
2014-07-06 05:02:00,2014-07-06 05:00:00,False,40.65487476100003,-73.89727893199995,12819.278385812248
2014-07-06 05:08:00,2014-07-06 05:00:00,True,40.60947810500005,-74.08537334199997,17637.7403949874
2014-07-06 05:15:00,2014-07-06 05:15:00,True,40.63587325100008,-74.16684911799997,19790.915787326958
2014-07-06 13:26:00,2014-07-06 13:15:00,False,40.671634692000055,-73.933634881,9628.777229698131
2014-07-06 14:00:00,2014-07-06 14:00:00,False,40.86189412900006,-73.85766112499994,16545.06537224795
2014-07-06 15:30:00,2014-07-06 15:30:00,False,40.66035560900008,-73.76796654599997,20803.293039000342
2014-07-06 21:35:00,2014-07-06 21:30:00,False,40.68761913700007,-73.95475787899994,7279.2698292472605
2014-07-06 21:35:00,2014-07-06 21:30:00,False,40.68761913700007,-73.95475787899994,7279.2698292472605
2014-07-06 22:08:00,2014-07-06 22:00:00,False,40.87926946500005,-73.84815721499997,18543.644993295955
2014-07-07 00:01:00,2014-07-07 00:00:00,False,40.76728850400008,-73.87409726199996,9599.383589382018
2014-07-07 19:49:00,2014-07-07 19:45:00,False,40.67288087300005,-73.92368950699995,9918.430974211396
2014-07-07 22:12:00,2014-07-07 22:00:00,False,40.67407670900008,-73.79814500199996,17839.45653126523
2014-07-07 22:12:00,2014-07-07 22:00:00,False,40.67407670900008,-73.79814500199996,17839.45653126523
2014-07-07 22:16:00,2014-07-07 22:15:00,False,40.82779500200007,-73.89900251299997,11404.548954961687
2014-07-08 03:00:00,2014-07-08 03:00:00,False,40.59680763900008,-73.79981016699996,23038.021405162548
2014-07-08 03:39:00,2014-07-08 03:30:00,True,40.67595033600002,-73.89021168799997,11404.143257716372
2014-07-08 22:52:00,2014-07-08 22:45:00,True,40.69440211400007,-73.94466191499998,6957.951843768815
2014-07-08 23:28:00,2014-07-08 23:15:00,False,40.68288328800002,-73.91039844899996,9681.834636892647
2014-07-09 21:30:00,2014-07-09 21:30:00,False,40.87448255100002,-73.90030338799994,15702.810606752802
2014-07-09 22:17:00,2014-07-09 22:15:00,False,40.83861761000002,-73.87006980399997,13928.843290857976
2014-07-09 22:17:00,2014-07-09 22:15:00,False,40.83861761000002,-73.87006980399997,13928.843290857976
2014-07-10 19:46:00,2014-07-10 19:45:00,False,40.83123796300004,-73.94322712999997,9829.316115201724
2014-07-10 21:35:00,2014-07-10 21:30:00,True,40.57978079600008,-73.99842510499997,18827.90986893288
2014-07-11 00:40:00,2014-07-11 00:30:00,False,40.77196758900004,-73.93374001199999,5057.525928855692
2014-07-11 00:40:00,2014-07-11 00:30:00,False,40.77196758900004,-73.93374001199999,5057.525928855692
2014-07-11 00:40:00,2014-07-11 00:30:00,False,40.77196758900004,-73.93374001199999,5057.525928855692
2014-07-11 00:40:00,2014-07-11 00:30:00,False,40.77196758900004,-73.93374001199999,5057.525928855692
2014-07-11 12:50:00,2014-07-11 12:45:00,False,40.63898537500006,-74.17125343299993,19864.39034827032
2014-07-11 14:23:00,2014-07-11 14:15:00,False,40.673172486000055,-73.93904107899994,9275.575199524617
2014-07-11 16:26:00,2014-07-11 16:15:00,True,40.69147360200003,-73.92776801799994,8016.8563182773805
2014-07-12 02:59:00,2014-07-12 02:45:00,False,40.81974186600007,-73.93858120899995,8817.793544123977
2014-07-12 02:59:00,2014-07-12 02:45:00,False,40.81974186600007,-73.93858120899995,8817.793544123977
2014-07-12 04:30:00,2014-07-12 04:30:00,False,40.70443503000007,-73.89378071399993,9164.986069509676
2014-07-12 04:40:00,2014-07-12 04:30:00,False,40.868285625000055,-73.89177990399997,15446.494511477566
2014-07-12 04:40:00,2014-07-12 04:30:00,False,40.868285625000055,-73.89177990399997,15446.494511477566
2014-07-12 12:56:00,2014-07-12 12:45:00,False,40.67758469600005,-73.94838611399997,8513.76188683175
2014-07-12 18:20:00,2014-07-12 18:15:00,False,40.85921471200004,-73.89425315099999,14477.00003571903
2014-07-12 18:40:00,2014-07-12 18:30:00,False,40.65758812200005,-73.92905489999998,11202.08210192111
2014-07-12 18:40:00,2014-07-12 18:30:00,False,40.65758812200005,-73.92905489999998,11202.08210192111
2014-07-12 19:55:00,2014-07-12 19:45:00,False,40.66679493200007,-73.87572948799993,12987.74455673665
2014-07-13 00:20:00,2014-07-13 00:15:00,False,40.60046106600004,-73.74701828799994,26007.161736606085
2014-07-13 00:30:00,2014-07-13 00:30:00,False,40.68543262000002,-73.92489183099997,8700.82032366727
2014-07-13 01:20:00,2014-07-13 01:15:00,True,40.68712972600008,-73.94924410699997,7506.639169881192
2014-07-13 03:40:00,2014-07-13 03:30:00,False,40.60751880700008,-73.74914252199994,25374.842001433248
2014-07-13 15:44:00,2014-07-13 15:30:00,False,40.83044611900005,-73.87578926099997,12945.397962584837
2014-07-13 22:00:00,2014-07-13 22:00:00,False,40.64870582500004,-73.90512936599998,13028.520023165116
2014-07-13 23:44:00,2014-07-13 23:30:00,False,40.86819001700008,-73.93045587899996,14056.888230479244
2014-07-14 00:01:00,2014-07-14 00:00:00,False,40.59973305700004,-73.76214545999994,25087.502849535183
2014-07-14 03:45:00,2014-07-14 03:45:00,False,40.68183903300008,-73.76588263899998,19946.141527593583
2014-07-14 05:45:00,2014-07-14 05:45:00,True,40.83294227500005,-73.93543191599997,10257.594284132949
2014-07-14 20:33:00,2014-07-14 20:30:00,False,40.74027521000005,-73.84886529199997,11543.767959763178
2014-07-15 01:10:00,2014-07-15 01:00:00,False,40.660394988000064,-73.92341206599998,11135.430880021348
2014-07-15 02:26:00,2014-07-15 02:15:00,True,40.80213862200002,-73.93905933399996,7099.232292172974
2014-07-15 02:26:00,2014-07-15 02:15:00,True,40.80213862200002,-73.93905933399996,7099.232292172974
2014-07-15 02:26:00,2014-07-15 02:15:00,False,40.80213862200002,-73.93905933399996,7099.232292172974
2014-07-15 02:26:00,2014-07-15 02:15:00,True,40.80213862200002,-73.93905933399996,7099.232292172974
2014-07-15 02:26:00,2014-07-15 02:15:00,False,40.80213862200002,-73.93905933399996,7099.232292172974
2014-07-15 02:26:00,2014-07-15 02:15:00,False,40.80213862200002,-73.93905933399996,7099.232292172974
2014-07-15 02:26:00,2014-07-15 02:15:00,True,40.80213862200002,-73.93905933399996,7099.232292172974
2014-07-15 02:26:00,2014-07-15 02:15:00,False,40.80213862200002,-73.93905933399996,7099.232292172974
2014-07-15 23:48:00,2014-07-15 23:45:00,False,40.67347453200006,-73.91815805299996,10116.037943707275
2014-07-16 21:50:00,2014-07-16 21:45:00,False,40.86071568800003,-73.89924873799998,14402.470035238477
2014-07-16 21:50:00,2014-07-16 21:45:00,False,40.86071568800003,-73.89924873799998,14402.470035238477
2014-07-17 01:13:00,2014-07-17 01:00:00,True,40.81484801200003,-73.89908086699995,10332.71335048276
2014-07-17 15:17:00,2014-07-17 15:15:00,False,40.65950890000005,-73.92119668599997,11310.735504212678
2014-07-17 16:30:00,2014-07-17 16:30:00,False,40.61003631900007,-73.75358825099994,24906.83582498086
2014-07-17 22:51:00,2014-07-17 22:45:00,False,40.652804143000026,-73.94687632899996,11159.83050759442
2014-07-18 22:56:00,2014-07-18 22:45:00,False,40.69096355800008,-73.90657067699993,9249.295805168185
2014-07-19 00:27:00,2014-07-19 00:15:00,False,40.63549445600006,-73.88516517999993,15173.639311341865
2014-07-19 01:45:00,2014-07-19 01:45:00,False,40.59763718200002,-73.78658842699997,23744.28080368853
2014-07-19 06:04:00,2014-07-19 06:00:00,False,40.651465665000046,-73.95423618899997,11139.760480209181
2014-07-19 06:04:00,2014-07-19 06:00:00,False,40.651465665000046,-73.95423618899997,11139.760480209181
2014-07-19 16:24:00,2014-07-19 16:15:00,False,40.69716882500006,-73.94374542299995,6732.085651571406
2014-07-19 17:21:00,2014-07-19 17:15:00,False,40.67155840500004,-73.93225269599996,9689.674846176667
2014-07-20 00:28:00,2014-07-20 00:15:00,False,40.58766271400003,-73.81056023099995,23208.352048894045
2014-07-20 01:40:00,2014-07-20 01:30:00,False,40.66861996400007,-73.76319482099996,20746.271164710364
2014-07-20 01:41:00,2014-07-20 01:30:00,False,40.68300553900008,-73.93949652999999,8278.72623484562
2014-07-20 04:57:00,2014-07-20 04:45:00,False,40.68182472200005,-73.89378405399998,10730.738845056063
2014-07-20 05:17:00,2014-07-20 05:15:00,False,40.864136643000045,-73.91918043399994,13982.759422979112
2014-07-20 05:20:00,2014-07-20 05:15:00,False,40.820974294000045,-73.93956664899997,8904.263347066979
2014-07-20 18:56:00,2014-07-20 18:45:00,False,40.671111778000075,-73.91356358699994,10552.155943109452
2014-07-21 00:45:00,2014-07-21 00:45:00,False,40.59493478500008,-73.78677035099997,23947.46396390744
2014-07-21 01:35:00,2014-07-21 01:30:00,False,40.67251608300006,-73.92520491299997,9886.811252939939
2014-07-21 19:11:00,2014-07-21 19:00:00,False,40.82494034300004,-73.87832247499993,12367.684170848948
2014-07-22 00:24:00,2014-07-22 00:15:00,False,40.82098795700006,-73.89387649499997,11127.206273387965
2014-07-22 01:48:00,2014-07-22 01:45:00,False,40.81608783300004,-73.89582480499996,10623.97106428237
2014-07-22 19:50:00,2014-07-22 19:45:00,False,40.64730932200007,-73.95995413199995,11489.620158313379
2014-07-22 19:50:00,2014-07-22 19:45:00,False,40.64730932200007,-73.95995413199995,11489.620158313379
2014-07-22 21:17:00,2014-07-22 21:15:00,False,40.65775741600004,-73.95177382999998,10515.282046367394
2014-07-23 12:09:00,2014-07-23 12:00:00,False,40.683189266000056,-73.91181343999993,9578.413221706609
2014-07-23 13:04:00,2014-07-23 13:00:00,False,40.66719646100006,-73.96171276699994,9293.322393906818
2014-07-25 14:33:00,2014-07-25 14:30:00,False,40.68260381500005,-73.93647164299993,8439.904066894831
2014-07-25 20:08:00,2014-07-25 20:00:00,False,40.69539534100005,-73.79158544199998,17382.14794830304
2014-07-25 23:15:00,2014-07-25 23:15:00,True,40.754934468000044,-73.91038996599997,6357.3260977437285
2014-07-26 01:00:00,2014-07-26 01:00:00,False,40.749633894000056,-73.90556941799997,6727.769298567227
2014-07-26 01:40:00,2014-07-26 01:30:00,False,40.710336176000055,-73.74533792799998,20678.30972079416
2014-07-26 02:00:00,2014-07-26 02:00:00,False,40.67805452800008,-73.93018816599994,9142.689872741163
2014-07-26 14:11:00,2014-07-26 14:00:00,False,40.66276879000003,-73.90753042499993,11604.507447459984
2014-07-26 18:50:00,2014-07-26 18:45:00,False,40.68593571700006,-73.94007844399994,7968.492226892259
2014-07-27 00:55:00,2014-07-27 00:45:00,False,40.84184934900002,-73.91653914199996,11859.2748668533
2014-07-27 04:50:00,2014-07-27 04:45:00,False,40.69610750100002,-73.81594479499995,15438.523140358187
2014-07-27 09:52:00,2014-07-27 09:45:00,False,40.59807873200003,-73.76294491599998,25159.28715702747
2014-07-27 15:02:00,2014-07-27 15:00:00,False,40.69578044800005,-73.97952913499995,5918.310060564918
2014-07-27 15:05:00,2014-07-27 15:00:00,False,40.83896339700004,-73.86374780799997,14331.822622052257
2014-07-27 15:05:00,2014-07-27 15:00:00,False,40.83896339700004,-73.86374780799997,14331.822622052257
2014-07-27 15:05:00,2014-07-27 15:00:00,False,40.83896339700004,-73.86374780799997,14331.822622052257
2014-07-27 15:30:00,2014-07-27 15:30:00,False,40.59504266300007,-73.78514357299997,24035.103600302613
2014-07-27 20:16:00,2014-07-27 20:15:00,False,40.65838017200008,-73.88618497099996,13080.982415281802
2014-07-27 23:47:00,2014-07-27 23:45:00,False,40.82001401300005,-73.88697458599995,11462.33317587716
2014-07-28 13:08:00,2014-07-28 13:00:00,False,40.73258826400007,-74.00189485899993,2276.1955067941954
2014-07-28 20:20:00,2014-07-28 20:15:00,False,40.84297851900004,-73.91457837499996,12049.766825219624
2014-07-28 20:20:00,2014-07-28 20:15:00,False,40.84297851900004,-73.91457837499996,12049.766825219624
2014-07-29 20:00:00,2014-07-29 20:00:00,False,40.65158332500005,-73.96130097899999,11001.536974719418
2014-07-29 22:50:00,2014-07-29 22:45:00,True,40.82514751300005,-73.949470578,9011.279365134107
2014-07-29 22:50:00,2014-07-29 22:45:00,True,40.82514751300005,-73.949470578,9011.279365134107
2014-07-30 10:25:00,2014-07-30 10:15:00,False,40.65857888000005,-73.90887181899996,11930.116207922367
2014-07-30 12:59:00,2014-07-30 12:45:00,False,40.65725616000003,-73.90658341799997,12158.484604702877
2014-07-30 16:29:00,2014-07-30 16:15:00,False,40.71067231800004,-73.94629118699999,5372.678731204868
2014-07-30 18:57:00,2014-07-30 18:45:00,False,40.84430330500004,-73.88011249499993,13832.083441787767
2014-07-30 19:19:00,2014-07-30 19:15:00,False,40.68354945300007,-73.98849451599993,7262.020458966026
2014-07-30 21:15:00,2014-07-30 21:15:00,False,40.63039297300002,-73.89500098099995,15216.087307849617
2014-07-30 21:41:00,2014-07-30 21:30:00,True,40.636561838000034,-74.08815327399996,15192.568641654401
2014-07-31 06:37:00,2014-07-31 06:30:00,False,40.82231512800007,-73.90893958399994,10404.897191369502
2014-07-31 20:35:00,2014-07-31 20:30:00,False,40.82338673200008,-73.87016977299999,12763.886617325352
2014-07-31 21:40:00,2014-07-31 21:30:00,False,40.656672964000045,-73.91324485999996,11916.572570498747
2014-07-31 22:16:00,2014-07-31 22:15:00,True,40.83378140600007,-73.92657774799994,10667.827009387427
2014-07-31 23:12:00,2014-07-31 23:00:00,False,40.67470777500006,-73.92433317899997,9717.179001331713
2014-08-01 02:40:00,2014-08-01 02:30:00,False,40.67896439300006,-73.93705489099993,8772.255941147823
2014-08-01 05:30:00,2014-08-01 05:30:00,False,40.86118784500008,-73.90635572299993,14156.979759350352
2014-08-01 10:45:00,2014-08-01 10:45:00,False,40.82546290300007,-73.87040261599996,12900.215764708657
2014-08-01 14:28:00,2014-08-01 14:15:00,False,40.59865820400006,-73.75872834699999,25383.092283983315
2014-08-01 15:37:00,2014-08-01 15:30:00,False,40.82988338300004,-73.93675968099996,9901.658395124936
2014-08-01 20:05:00,2014-08-01 20:00:00,False,40.68894241100002,-73.90504124399996,9498.56314536212
2014-08-01 21:50:00,2014-08-01 21:45:00,False,40.65463820700006,-73.92967950199994,11478.348369148898
2014-08-01 21:50:00,2014-08-01 21:45:00,False,40.65463820700006,-73.92967950199994,11478.348369148898
2014-08-02 00:01:00,2014-08-02 00:00:00,False,40.773031397000075,-73.93375113899998,5117.920492502072
2014-08-02 00:26:00,2014-08-02 00:15:00,False,40.84649489000003,-73.88263433199995,13886.66488047469
2014-08-02 01:13:00,2014-08-02 01:00:00,False,40.83722909100004,-73.90678426399995,11852.361507001946
2014-08-02 01:40:00,2014-08-02 01:30:00,False,40.82407474000007,-73.90871090099995,10570.975060417994
2014-08-02 02:02:00,2014-08-02 02:00:00,False,40.59288567100003,-73.79565278999996,23596.572162061104
2014-08-02 02:03:00,2014-08-02 02:00:00,False,40.67362115100008,-73.92083775999998,9977.524849164323
2014-08-02 04:44:00,2014-08-02 04:30:00,False,40.75659330700006,-73.87560482499998,9291.163518133295
2014-08-02 10:33:00,2014-08-02 10:30:00,False,40.66559330600006,-73.95433328299998,9618.068626784161
2014-08-02 12:30:00,2014-08-02 12:30:00,False,40.81944997600005,-73.94078287999997,8707.167397916335
2014-08-03 01:40:00,2014-08-03 01:30:00,False,40.88573914600005,-73.85654658499993,18693.041893204143
2014-08-03 03:38:00,2014-08-03 03:30:00,False,40.81559953900006,-73.90326867499994,10148.691074696722
2014-08-03 10:25:00,2014-08-03 10:15:00,False,40.59372081200007,-73.98320456499994,17246.92867377234
2014-08-03 14:54:00,2014-08-03 14:45:00,False,40.834552147000075,-73.92895993899998,10652.796789180209
2014-08-03 14:54:00,2014-08-03 14:45:00,False,40.834552147000075,-73.92895993899998,10652.796789180209
2014-08-04 01:06:00,2014-08-04 01:00:00,False,40.59423807500008,-73.93684061999994,17670.08600429139
2014-08-04 17:00:00,2014-08-04 17:00:00,False,40.834516921000045,-73.91770925599997,11104.473719438038
2014-08-05 05:30:00,2014-08-05 05:30:00,True,40.88085627000004,-73.83433469699997,19422.72372217838
2014-08-05 05:30:00,2014-08-05 05:30:00,True,40.88085627000004,-73.83433469699997,19422.72372217838
2014-08-05 21:04:00,2014-08-05 21:00:00,False,40.85181045400003,-73.90921865299998,13126.543196422272
2014-08-05 21:10:00,2014-08-05 21:00:00,False,40.64098415500007,-74.08692477199997,14730.640533268528
2014-08-06 01:02:00,2014-08-06 01:00:00,False,40.65163479900008,-73.93281192599994,11681.070388430553
2014-08-06 01:02:00,2014-08-06 01:00:00,False,40.65163479900008,-73.93281192599994,11681.070388430553
2014-08-06 02:45:00,2014-08-06 02:45:00,False,40.66848132300004,-73.96108795799995,9165.48854463467
2014-08-06 02:45:00,2014-08-06 02:45:00,False,40.66848132300004,-73.96108795799995,9165.48854463467
2014-08-06 16:00:00,2014-08-06 16:00:00,False,40.85589779900005,-73.92801917999996,12850.00443226113
2014-08-06 17:01:00,2014-08-06 17:00:00,False,40.58594334500003,-73.81610192299996,23064.10975886106
2014-08-06 17:01:00,2014-08-06 17:00:00,False,40.58594334500003,-73.81610192299996,23064.10975886106
2014-08-06 18:40:00,2014-08-06 18:30:00,False,40.69635162600008,-73.97643456599997,5882.907554868015
2014-08-08 01:20:00,2014-08-08 01:15:00,False,40.834719920000055,-73.91968256799998,11039.63170123284
2014-08-08 19:31:00,2014-08-08 19:30:00,False,40.825126848000025,-73.89010354699997,11679.342371960904
2014-08-09 01:30:00,2014-08-09 01:30:00,False,40.83433005200004,-73.90069398499996,11886.876971785487
2014-08-09 01:30:00,2014-08-09 01:30:00,False,40.83433005200004,-73.90069398499996,11886.876971785487
2014-08-09 16:40:00,2014-08-09 16:30:00,False,40.58991919400006,-73.78869126599993,24238.32504857291
2014-08-09 16:40:00,2014-08-09 16:30:00,False,40.58991919400006,-73.78869126599993,24238.32504857291
2014-08-09 23:20:00,2014-08-09 23:15:00,False,40.83096764600003,-73.89311324999994,11993.43343506409
2014-08-10 00:35:00,2014-08-10 00:30:00,False,40.70396814600008,-73.94020650299996,6276.24059040336
2014-08-10 00:35:00,2014-08-10 00:30:00,True,40.70396814600008,-73.94020650299996,6276.24059040336
2014-08-10 00:35:00,2014-08-10 00:30:00,False,40.70396814600008,-73.94020650299996,6276.24059040336
2014-08-10 00:35:00,2014-08-10 00:30:00,True,40.70396814600008,-73.94020650299996,6276.24059040336
2014-08-10 03:45:00,2014-08-10 03:45:00,False,40.66079346800007,-73.93981268099996,10515.960532206958
2014-08-10 05:37:00,2014-08-10 05:30:00,True,40.675513591000026,-73.90115848599999,10811.397433800099
2014-08-10 05:40:00,2014-08-10 05:30:00,False,40.65746136900003,-73.93099474599995,11146.543623418342
2014-08-10 10:38:00,2014-08-10 10:30:00,False,40.590434534000046,-73.98112338199996,17615.068296549354
2014-08-10 20:48:00,2014-08-10 20:45:00,False,40.83186681600006,-73.89776883599995,11821.163646246825
2014-08-10 21:00:00,2014-08-10 21:00:00,False,40.57475190500002,-73.98712264699996,19355.68328898757
2014-08-10 21:38:00,2014-08-10 21:30:00,False,40.656002929000074,-73.90917875599996,12158.379068622618
2014-08-10 22:00:00,2014-08-10 22:00:00,False,40.67610319200002,-73.94991494699997,8621.666329777347
2014-08-11 02:40:00,2014-08-11 02:30:00,True,40.816057570000055,-73.954320135,7922.292699751568
2014-08-11 17:11:00,2014-08-11 17:00:00,False,40.76078102300005,-73.93414460099996,4519.881383160354
2014-08-12 01:15:00,2014-08-12 01:15:00,False,40.82170212300008,-73.86065763399995,13267.704906591789
2014-08-12 01:57:00,2014-08-12 01:45:00,True,40.82711496400003,-73.94803187699995,9258.0996698898
2014-08-12 02:20:00,2014-08-12 02:15:00,False,40.70207860300008,-73.77981004199995,18089.72633925454
2014-08-12 06:03:00,2014-08-12 06:00:00,True,40.81576442700003,-73.88585869499997,11211.485522669414
2014-08-12 06:03:00,2014-08-12 06:00:00,True,40.81576442700003,-73.88585869499997,11211.485522669414
2014-08-12 12:56:00,2014-08-12 12:45:00,False,40.88733350200005,-73.84724820299994,19298.74376688123
2014-08-13 01:08:00,2014-08-13 01:00:00,False,40.88733350200005,-73.84724820299994,19298.74376688123
2014-08-13 04:49:00,2014-08-13 04:45:00,False,40.665771216000046,-73.94114639799993,9960.107556013778
2014-08-13 08:35:00,2014-08-13 08:30:00,True,40.644060661000026,-73.95723256499997,11888.432648731135
2014-08-13 16:26:00,2014-08-13 16:15:00,False,40.66143429100004,-73.89403210699999,12400.17891183656
2014-08-14 21:52:00,2014-08-14 21:45:00,False,40.82229857200008,-73.91169480799994,10261.48063163291
2014-08-14 21:52:00,2014-08-14 21:45:00,False,40.82229857200008,-73.91169480799994,10261.48063163291
2014-08-15 00:12:00,2014-08-15 00:00:00,False,40.82372987900004,-73.90891167899997,10530.305463262177
2014-08-15 01:49:00,2014-08-15 01:45:00,False,40.68951568800002,-73.97013389299997,6718.798227023513
2014-08-15 17:54:00,2014-08-15 17:45:00,False,40.71737535300008,-73.93934763899993,5224.772205038473
2014-08-16 00:28:00,2014-08-16 00:15:00,False,40.69833213400005,-73.79199505199993,17240.294961739437
2014-08-16 02:00:00,2014-08-16 02:00:00,False,40.84783545300007,-73.89354043899993,13455.628557449054
2014-08-16 02:00:00,2014-08-16 02:00:00,False,40.84783545300007,-73.89354043899993,13455.628557449054
2014-08-16 02:00:00,2014-08-16 02:00:00,False,40.84783545300007,-73.89354043899993,13455.628557449054
2014-08-16 13:33:00,2014-08-16 13:30:00,False,40.686592062000045,-73.87181282699999,11813.554777747857
2014-08-16 16:26:00,2014-08-16 16:15:00,False,40.59781903600003,-73.99937847799998,16831.3764273592
2014-08-16 21:55:00,2014-08-16 21:45:00,False,40.79315334400008,-73.93749790999993,6371.48531489991
2014-08-16 21:55:00,2014-08-16 21:45:00,False,40.79315334400008,-73.93749790999993,6371.48531489991
2014-08-17 01:10:00,2014-08-17 01:00:00,False,40.814803479000034,-73.95628448399998,7736.795365035039
2014-08-17 02:40:00,2014-08-17 02:30:00,False,40.690830576000046,-73.936612326,7648.452185660549
2014-08-17 02:53:00,2014-08-17 02:45:00,True,40.830584154000064,-73.94755489199997,9634.947008733945
2014-08-17 02:53:00,2014-08-17 02:45:00,True,40.830584154000064,-73.94755489199997,9634.947008733945
2014-08-17 04:20:00,2014-08-17 04:15:00,False,40.80518243700004,-73.91862936999996,8421.338403144835
2014-08-17 04:20:00,2014-08-17 04:15:00,False,40.80518243700004,-73.91862936999996,8421.338403144835
2014-08-17 05:35:00,2014-08-17 05:30:00,False,40.67135982000008,-73.88181102299995,12266.127105241403
2014-08-17 05:58:00,2014-08-17 05:45:00,False,40.68107926800008,-73.78871969199997,18209.693508721244
2014-08-17 05:58:00,2014-08-17 05:45:00,False,40.68107926800008,-73.78871969199997,18209.693508721244
2014-08-17 05:58:00,2014-08-17 05:45:00,False,40.68107926800008,-73.78871969199997,18209.693508721244
2014-08-17 05:58:00,2014-08-17 05:45:00,False,40.68107926800008,-73.78871969199997,18209.693508721244
2014-08-17 05:58:00,2014-08-17 05:45:00,False,40.68107926800008,-73.78871969199997,18209.693508721244
2014-08-17 05:58:00,2014-08-17 05:45:00,False,40.68107926800008,-73.78871969199997,18209.693508721244
2014-08-17 14:28:00,2014-08-17 14:15:00,False,40.65122860800005,-73.88115249899994,13965.105257420066
2014-08-17 23:35:00,2014-08-17 23:30:00,False,40.664051836000056,-73.94878767399997,9918.57302260746
2014-08-18 19:37:00,2014-08-18 19:30:00,True,40.66276879000003,-73.90753042499993,11604.507447459984
2014-08-18 21:09:00,2014-08-18 21:00:00,False,40.83178591300003,-73.93052260999998,10318.886976284059
2014-08-18 23:48:00,2014-08-18 23:45:00,False,40.69718830200002,-73.92154884499996,7869.952506418567
2014-08-19 13:05:00,2014-08-19 13:00:00,True,40.78673086700008,-73.94113066399996,5629.369741462714
2014-08-19 22:06:00,2014-08-19 22:00:00,False,40.63111075300003,-73.95253209399993,13378.98481993275
2014-08-19 22:32:00,2014-08-19 22:30:00,True,40.67787756300004,-73.79708211099995,17726.30747799502
2014-08-20 00:44:00,2014-08-20 00:30:00,True,40.68780802300006,-73.94335217399998,7654.775240814465
2014-08-20 00:44:00,2014-08-20 00:30:00,True,40.68780802300006,-73.94335217399998,7654.775240814465
2014-08-20 16:00:00,2014-08-20 16:00:00,False,40.59097304100004,-73.97827675899998,17561.80710180076
2014-08-20 17:15:00,2014-08-20 17:15:00,False,40.84854926400004,-73.86863464599996,14820.03852102519
2014-08-20 18:04:00,2014-08-20 18:00:00,False,40.84972085800007,-73.91984699099999,12504.469963353977
2014-08-20 21:10:00,2014-08-20 21:00:00,False,40.66997100800006,-73.77090866699997,20094.979973401954
2014-08-20 21:13:00,2014-08-20 21:00:00,False,40.82335599600003,-73.89946427999996,11003.509005243688
2014-08-20 22:37:00,2014-08-20 22:30:00,True,40.57544324100007,-73.98779566199994,19279.31680359976
2014-08-20 23:05:00,2014-08-20 23:00:00,False,40.671406122000064,-73.92948405699997,9814.652538943275
2014-08-20 23:30:00,2014-08-20 23:30:00,False,40.62322583100007,-74.14922787099994,19641.202750490505
2014-08-20 23:30:00,2014-08-20 23:30:00,False,40.62322583100007,-74.14922787099994,19641.202750490505
2014-08-21 18:40:00,2014-08-21 18:30:00,False,40.84388393500007,-73.93589047099994,11363.719213482798
2014-08-21 18:59:00,2014-08-21 18:45:00,True,40.737577187000056,-74.00974436199994,2399.7100023514827
2014-08-21 22:50:00,2014-08-21 22:45:00,False,40.81428776000007,-73.92364523699996,8947.56334687207
2014-08-22 01:24:00,2014-08-22 01:15:00,True,40.69979933000008,-73.98373210999995,5452.389480511344
2014-08-22 01:24:00,2014-08-22 01:15:00,True,40.69979933000008,-73.98373210999995,5452.389480511344
2014-08-22 14:05:00,2014-08-22 14:00:00,False,40.63865278800006,-74.13214136799996,17408.39301617791
2014-08-22 19:22:00,2014-08-22 19:15:00,False,40.65295405300003,-74.00593144999993,10798.696559109601
2014-08-23 00:35:00,2014-08-23 00:30:00,False,40.65534438600002,-73.95151428099997,10779.687929293408
2014-08-23 00:35:00,2014-08-23 00:30:00,False,40.65534438600002,-73.95151428099997,10779.687929293408
2014-08-23 01:10:00,2014-08-23 01:00:00,False,40.82041067500006,-73.893329823,11113.089162031369
2014-08-23 02:05:00,2014-08-23 02:00:00,False,40.69659104200008,-73.78339026799993,17989.237263514697
2014-08-23 03:05:00,2014-08-23 03:00:00,False,40.86279334500006,-73.90169042599997,14501.47951401307
2014-08-23 03:30:00,2014-08-23 03:30:00,False,40.756666391000074,-73.94395009999994,3601.216308918072
2014-08-23 03:46:00,2014-08-23 03:45:00,False,40.82032256600007,-73.95864306699998,8264.67511365428
2014-08-23 14:00:00,2014-08-23 14:00:00,False,40.67584777700006,-73.916545892,9976.993708067579
2014-08-23 14:15:00,2014-08-23 14:15:00,False,40.68786311600008,-73.94938958399996,7427.167047042485
2014-08-23 20:22:00,2014-08-23 20:15:00,False,40.88714700500003,-73.85575919399997,18858.958638035594
2014-08-23 21:50:00,2014-08-23 21:45:00,False,40.69247947200006,-73.75941296999997,20051.016373670012
2014-08-23 23:38:00,2014-08-23 23:30:00,False,40.70137563000003,-73.90678532399994,8470.36261039393
2014-08-24 07:33:00,2014-08-24 07:30:00,False,40.67834813400003,-73.90836552899998,10177.705576855642
2014-08-24 16:20:00,2014-08-24 16:15:00,False,40.64437759300006,-73.95886765099993,11827.033357490918
2014-08-24 22:45:00,2014-08-24 22:45:00,False,40.850408394000056,-73.90281254199994,13265.345772186545
2014-08-25 21:00:00,2014-08-25 21:00:00,False,40.67984021700005,-73.95320744299994,8136.432162909463
2014-08-25 23:45:00,2014-08-25 23:45:00,False,40.85745373800006,-73.84754299099995,16751.626248544104
2014-08-26 16:05:00,2014-08-26 16:00:00,True,40.57593439500005,-73.99113524499995,19229.695150871135
2014-08-26 22:36:00,2014-08-26 22:30:00,False,40.70388265300005,-73.91255067899993,7916.993239752606
2014-08-26 22:36:00,2014-08-26 22:30:00,False,40.70388265300005,-73.91255067899993,7916.993239752606
2014-08-27 03:04:00,2014-08-27 03:00:00,False,40.76067755100007,-73.87248153999997,9604.611202438073
2014-08-27 14:05:00,2014-08-27 14:00:00,False,40.68820985200006,-73.98205890999996,6745.186182105312
2014-08-27 16:06:00,2014-08-27 16:00:00,False,40.83044611900005,-73.87578926099997,12945.397962584837
2014-08-27 18:20:00,2014-08-27 18:15:00,False,40.83158627500006,-73.87653243599993,12990.31860696291
2014-08-27 21:26:00,2014-08-27 21:15:00,False,40.66946681700006,-73.86283147099994,13587.992846987649
2014-08-27 22:36:00,2014-08-27 22:30:00,False,40.73837869600004,-73.86258044799996,10414.234142597563
2014-08-28 14:11:00,2014-08-28 14:00:00,False,40.66834948000008,-73.90651583799996,11149.058930145917
2014-08-28 18:02:00,2014-08-28 18:00:00,False,40.82706069900007,-73.87103771099999,12978.464868020219
2014-08-29 02:06:00,2014-08-29 02:00:00,False,40.76204483500004,-73.82732890299997,13397.748671737514
2014-08-29 13:10:00,2014-08-29 13:00:00,False,40.70368766800004,-73.93988147899995,6317.656709924247
2014-08-29 16:30:00,2014-08-29 16:30:00,False,40.81660907200006,-73.94275707799994,8350.514224267641
2014-08-29 20:50:00,2014-08-29 20:45:00,False,40.87461104400006,-73.90969013799997,15371.495586162995
2014-08-29 23:18:00,2014-08-29 23:15:00,True,40.657825526000074,-73.90381911899993,12234.990496278633
2014-08-29 23:18:00,2014-08-29 23:15:00,False,40.657825526000074,-73.90381911899993,12234.990496278633
2014-08-29 23:18:00,2014-08-29 23:15:00,False,40.657825526000074,-73.90381911899993,12234.990496278633
2014-08-29 23:18:00,2014-08-29 23:15:00,True,40.657825526000074,-73.90381911899993,12234.990496278633
2014-08-30 00:10:00,2014-08-30 00:00:00,False,40.64507943900002,-73.95802445399994,11764.163116396294
2014-08-30 03:20:00,2014-08-30 03:15:00,False,40.86345854800004,-73.90173915299994,14564.166597187424
2014-08-30 05:30:00,2014-08-30 05:30:00,False,40.83229039300005,-73.90962110299995,11264.1239771578
2014-08-30 21:45:00,2014-08-30 21:45:00,False,40.80900337000002,-73.94242902399996,7608.996045524371
2014-08-30 22:35:00,2014-08-30 22:30:00,False,40.68946429500005,-73.92402908999996,8386.391692317788
2014-08-30 22:35:00,2014-08-30 22:30:00,False,40.68946429500005,-73.92402908999996,8386.391692317788
2014-08-30 22:35:00,2014-08-30 22:30:00,False,40.68946429500005,-73.92402908999996,8386.391692317788
2014-08-31 00:33:00,2014-08-31 00:30:00,True,40.87773001100004,-73.84178645299994,18751.210862241354
2014-08-31 01:54:00,2014-08-31 01:45:00,False,40.796341580000046,-73.94119868699994,6465.1161155814225
2014-08-31 01:54:00,2014-08-31 01:45:00,False,40.796341580000046,-73.94119868699994,6465.1161155814225
2014-08-31 02:27:00,2014-08-31 02:15:00,False,40.68756556300008,-73.93895197599994,7856.824635101003
2014-08-31 10:00:00,2014-08-31 10:00:00,False,40.79577953800003,-73.96540147399996,5487.553307892129
2014-08-31 19:40:00,2014-08-31 19:30:00,False,40.617653191000045,-74.07999024499996,16622.100711982108
2014-08-31 22:35:00,2014-08-31 22:30:00,True,40.865122281000026,-73.88849909699996,15290.668183038764
2014-09-01 00:27:00,2014-09-01 00:15:00,True,40.82099834900004,-73.89539439499998,11039.903701087387
2014-09-01 03:30:00,2014-09-01 03:30:00,True,40.66382459000005,-73.95241284599997,9851.95049005855
2014-09-01 03:30:00,2014-09-01 03:30:00,True,40.66382459000005,-73.95241284599997,9851.95049005855
2014-09-01 03:30:00,2014-09-01 03:30:00,False,40.66382459000005,-73.95241284599997,9851.95049005855
2014-09-01 03:30:00,2014-09-01 03:30:00,False,40.66382459000005,-73.95241284599997,9851.95049005855
2014-09-01 03:30:00,2014-09-01 03:30:00,False,40.66382459000005,-73.95241284599997,9851.95049005855
2014-09-01 03:30:00,2014-09-01 03:30:00,True,40.66382459000005,-73.95241284599997,9851.95049005855
2014-09-01 03:33:00,2014-09-01 03:30:00,False,40.67103657100006,-73.93091085699997,9793.718708835186
2014-09-01 04:30:00,2014-09-01 04:30:00,False,40.66512600300007,-73.95898845199997,9569.15514151268
2014-09-01 16:00:00,2014-09-01 16:00:00,False,40.63192768900007,-73.92436434299998,13980.039194694471
2014-09-01 17:44:00,2014-09-01 17:30:00,False,40.81269943700005,-73.92161995999999,8906.315542623774
2014-09-01 17:44:00,2014-09-01 17:30:00,False,40.81269943700005,-73.92161995999999,8906.315542623774
2014-09-01 19:02:00,2014-09-01 19:00:00,False,40.86947047700005,-73.87986080399997,16091.299146508041
2014-09-01 23:35:00,2014-09-01 23:30:00,False,40.682565055000055,-73.98504421199993,7366.951175152148
2014-09-01 23:36:00,2014-09-01 23:30:00,False,40.747986249000064,-74.00089401199993,1306.118407671601
2014-09-03 01:45:00,2014-09-03 01:45:00,False,40.63176584200005,-73.88730128199995,15422.433004094424
2014-09-03 02:53:00,2014-09-03 02:45:00,False,40.66717829300006,-73.91885967799993,10671.965855829096
2014-09-03 03:47:00,2014-09-03 03:45:00,True,40.66806080600002,-73.87879835899997,12704.93514919744
2014-09-03 20:14:00,2014-09-03 20:00:00,True,40.574301682000055,-73.99407301299993,19418.91391724163
2014-09-04 20:20:00,2014-09-04 20:15:00,False,40.59376955900007,-73.78441919699996,24178.92466529374
2014-09-05 03:18:00,2014-09-05 03:15:00,False,40.66416223400006,-73.94681591899996,9959.974140392274
2014-09-05 03:18:00,2014-09-05 03:15:00,False,40.66416223400006,-73.94681591899996,9959.974140392274
2014-09-05 04:00:00,2014-09-05 04:00:00,False,40.88351630900007,-73.85608147299997,18515.375184886125
2014-09-05 06:07:00,2014-09-05 06:00:00,False,40.67449568700005,-73.93057132599995,9469.652490412047
2014-09-05 20:45:00,2014-09-05 20:45:00,True,40.85461264600008,-73.88423222699998,14523.900402803081
2014-09-05 21:13:00,2014-09-05 21:00:00,False,40.80728344700003,-73.91357211099995,8881.021558861272
2014-09-06 00:40:00,2014-09-06 00:30:00,False,40.60219430800004,-73.74910265799997,25748.847960795185
2014-09-06 01:38:00,2014-09-06 01:30:00,True,40.67156755000008,-73.91606796399996,10390.46862504524
2014-09-06 01:40:00,2014-09-06 01:30:00,False,40.86970450000007,-73.86688083899996,16740.184069050578
2014-09-06 06:58:00,2014-09-06 06:45:00,True,40.68040496700007,-73.90989927699997,9919.17279583849
2014-09-06 19:15:00,2014-09-06 19:15:00,True,40.81098121600007,-73.94902142099994,7561.56655949177
2014-09-06 23:13:00,2014-09-06 23:00:00,False,40.81855894400008,-73.86768359299998,12586.332741770157
2014-09-07 03:10:00,2014-09-07 03:00:00,False,40.75481749500005,-73.94401933199998,3551.3051607003936
2014-09-07 15:49:00,2014-09-07 15:45:00,True,40.84304829600006,-73.90908107299998,12292.00379254691
2014-09-07 21:00:00,2014-09-07 21:00:00,False,40.705237086000075,-73.96570702199993,5122.894439626418
2014-09-08 00:55:00,2014-09-08 00:45:00,False,40.668013864000045,-73.74069124299997,22500.62739996375
2014-09-08 15:37:00,2014-09-08 15:30:00,False,40.65138343500007,-73.93808052199995,11545.974595919837
2014-09-08 15:37:00,2014-09-08 15:30:00,False,40.65138343500007,-73.93808052199995,11545.974595919837
2014-09-08 17:30:00,2014-09-08 17:30:00,True,40.757265350000075,-73.83157508099998,12993.576294023787
2014-09-08 23:00:00,2014-09-08 23:00:00,False,40.81620584400008,-73.89600119299996,10622.677804592464
2014-09-09 17:36:00,2014-09-09 17:30:00,False,40.666411395000075,-73.91948421399997,10717.215823806462
2014-09-10 14:30:00,2014-09-10 14:30:00,False,40.63681841100004,-74.118651775,16770.605224776064
2014-09-10 21:25:00,2014-09-10 21:15:00,False,40.64563715000003,-73.89762197399993,13653.834361700765
2014-09-11 05:34:00,2014-09-11 05:30:00,False,40.643291746000045,-73.92947863499995,12646.439077297184
2014-09-11 11:25:00,2014-09-11 11:15:00,False,40.694126676000046,-73.93726979099995,7311.1661877246615
2014-09-11 23:25:00,2014-09-11 23:15:00,True,40.63495663000003,-73.89672118599998,14704.69098530159
2014-09-12 12:28:00,2014-09-12 12:15:00,False,40.67729295600003,-73.90652087699993,10367.386988251244
2014-09-12 21:00:00,2014-09-12 21:00:00,False,40.78450775100004,-73.97548165399996,4056.0664746132584
2014-09-12 21:00:00,2014-09-12 21:00:00,False,40.78450775100004,-73.97548165399996,4056.0664746132584
2014-09-12 21:30:00,2014-09-12 21:30:00,False,40.63276108700006,-73.88840229,15279.219162133784
2014-09-12 22:30:00,2014-09-12 22:30:00,False,40.61898957600005,-73.92637883199995,15270.682330475449
2014-09-13 01:11:00,2014-09-13 01:00:00,False,40.64028398100004,-74.13092760699993,17208.03989712897
2014-09-13 03:28:00,2014-09-13 03:15:00,False,40.69399398900004,-73.94168426899995,7124.0128885801605
2014-09-13 03:40:00,2014-09-13 03:30:00,False,40.682334309000055,-73.77981596899998,18840.115483596892
2014-09-13 06:00:00,2014-09-13 06:00:00,False,40.85656900500004,-73.88572360099994,14628.20426876401
2014-09-14 03:25:00,2014-09-14 03:15:00,False,40.810039121000045,-73.94391644299996,7652.465491048083
2014-09-15 16:03:00,2014-09-15 16:00:00,False,40.84481683400002,-73.90891985199994,12467.021104625319
2014-09-16 00:16:00,2014-09-16 00:15:00,False,40.84412902100007,-73.90581478199994,12539.343484065066
2014-09-16 14:59:00,2014-09-16 14:45:00,False,40.825063218000025,-73.87739703699998,12433.911249394594
2014-09-16 23:30:00,2014-09-16 23:30:00,False,40.688069692000056,-73.93456572399998,8000.101267221479
2014-09-17 02:11:00,2014-09-17 02:00:00,False,40.85105448100006,-73.91487298899993,12826.088531974317
2014-09-17 15:12:00,2014-09-17 15:00:00,False,40.806449576000034,-73.91256312599995,8871.938317969547
2014-09-18 14:00:00,2014-09-18 14:00:00,False,40.64872451700006,-73.92138352599994,12370.21025469087
2014-09-18 17:50:00,2014-09-18 17:45:00,False,40.86542686100006,-73.86786624499997,16310.451074254586
2014-09-18 23:26:00,2014-09-18 23:15:00,False,40.67896052800006,-73.92313814899995,9375.459402298473
2014-09-19 06:03:00,2014-09-19 06:00:00,False,40.87683497900008,-73.85408676799993,18022.509632399117
2014-09-19 21:50:00,2014-09-19 21:45:00,False,40.75659330700006,-73.87560482499998,9291.163518133295
2014-09-19 21:50:00,2014-09-19 21:45:00,False,40.75659330700006,-73.87560482499998,9291.163518133295
2014-09-19 22:24:00,2014-09-19 22:15:00,False,40.59548678900006,-73.78458469199995,24033.152237711918
2014-09-20 03:55:00,2014-09-20 03:45:00,True,40.68747893800003,-73.82099079199998,15445.837920760314
2014-09-20 12:35:00,2014-09-20 12:30:00,False,40.67141260500006,-73.88151014499994,12280.079954246294
2014-09-21 01:14:00,2014-09-21 01:00:00,True,40.828393021000075,-73.94235895099996,9562.548295561579
2014-09-21 16:03:00,2014-09-21 16:00:00,False,40.86990387700007,-73.84115108799993,18130.90602621919
2014-09-21 21:36:00,2014-09-21 21:30:00,False,40.83736110800004,-73.94107298999995,10529.916481870667
2014-09-21 23:15:00,2014-09-21 23:15:00,False,40.651465665000046,-73.95423618899997,11139.760480209181
2014-09-22 05:47:00,2014-09-22 05:45:00,False,40.69754966200002,-73.94671873799997,6568.012503613038
2014-09-22 16:12:00,2014-09-22 16:00:00,False,40.65829389500004,-73.90542006099997,12116.308781221884
2014-09-22 20:29:00,2014-09-22 20:15:00,False,40.59288567100003,-73.79565278999996,23596.572162061104
2014-09-22 20:38:00,2014-09-22 20:30:00,True,40.58594316400007,-74.10126578599994,20577.9362789102
2014-09-23 20:45:00,2014-09-23 20:45:00,False,40.84996399700003,-73.90224050399996,13248.689035021245
2014-09-23 20:45:00,2014-09-23 20:45:00,False,40.83370166500004,-73.91384721799993,11198.346384799346
2014-09-23 21:04:00,2014-09-23 21:00:00,False,40.66425189400008,-73.95831989999994,9676.860455841654
2014-09-24 12:47:00,2014-09-24 12:45:00,False,40.813897878000034,-73.89953569099998,10230.840158980474
2014-09-25 12:53:00,2014-09-25 12:45:00,True,40.70402814400006,-73.93930365399996,6317.461039210844
2014-09-25 20:42:00,2014-09-25 20:30:00,True,40.669708425000074,-73.87493235099998,12810.94636435395
2014-09-25 22:55:00,2014-09-25 22:45:00,False,40.78828592400004,-73.80315241499994,15965.198549783041
2014-09-26 01:36:00,2014-09-26 01:30:00,False,40.57720778700008,-73.99029024199997,19086.480522252394
2014-09-26 11:58:00,2014-09-26 11:45:00,False,40.679419548000055,-73.92205398899995,9384.908601689
2014-09-26 11:58:00,2014-09-26 11:45:00,False,40.679419548000055,-73.92205398899995,9384.908601689
2014-09-26 16:48:00,2014-09-26 16:45:00,False,40.864183825000055,-73.90223270699995,14614.839901995227
2014-09-26 17:28:00,2014-09-26 17:15:00,True,40.632228203000075,-73.938462626,13555.340472912296
2014-09-26 18:16:00,2014-09-26 18:15:00,False,40.65758812200005,-73.92905489999998,11202.08210192111
2014-09-26 18:33:00,2014-09-26 18:30:00,False,40.68950586700004,-73.95139320999994,7191.844337337514
2014-09-26 19:30:00,2014-09-26 19:30:00,False,40.707239816000026,-73.79272672599996,16883.324820685757
2014-09-26 21:30:00,2014-09-26 21:30:00,False,40.688509219000025,-73.91835639999994,8770.473454714464
2014-09-26 23:50:00,2014-09-26 23:45:00,False,40.70195486500006,-73.90500557799999,8548.776982524028
2014-09-27 00:39:00,2014-09-27 00:30:00,False,40.836588336000034,-73.91214744999996,11545.941244123527
2014-09-27 07:00:00,2014-09-27 07:00:00,False,40.68779208800004,-73.91906220999994,8793.659236240783
2014-09-27 07:47:00,2014-09-27 07:45:00,True,40.79850134400005,-73.94594018799995,6448.135519074545
2014-09-27 15:22:00,2014-09-27 15:15:00,False,40.66487338300004,-73.90416355599997,11577.876206749286
2014-09-27 17:48:00,2014-09-27 17:45:00,False,40.67166801000008,-73.91451974699999,10455.278167346181
2014-09-27 17:48:00,2014-09-27 17:45:00,False,40.67166801000008,-73.91451974699999,10455.278167346181
2014-09-27 17:48:00,2014-09-27 17:45:00,False,40.67166801000008,-73.91451974699999,10455.278167346181
2014-09-27 19:30:00,2014-09-27 19:30:00,False,40.640054877000075,-73.94744497599999,12510.570916808296
2014-09-27 23:18:00,2014-09-27 23:15:00,False,40.65608958700005,-73.95304750099997,10666.005112047487
2014-09-28 03:10:00,2014-09-28 03:00:00,False,40.82404000400004,-73.94475961199998,9038.069037357482
2014-09-28 03:30:00,2014-09-28 03:30:00,False,40.73504397000005,-73.86202690199997,10508.444005963618
2014-09-29 16:53:00,2014-09-29 16:45:00,False,40.63935005700006,-74.086134223,14840.74782203198
2014-09-30 11:18:00,2014-09-30 11:15:00,False,40.675145003000075,-73.91800210899999,9970.19860388354
