"occur_datetime","shooting_time_15min","statistical_murder","latitude","longitude","distance_to_empire"
2014-04-01 05:20:00,2014-04-01 05:15:00,"false",40.8647350540001,-73.905232896,14566.1093938156
2014-04-01 17:15:00,2014-04-01 17:15:00,"false",40.7014073020001,-73.983807004,5279.39489325363
2014-04-01 18:10:00,2014-04-01 18:00:00,"false",40.836236102,-73.887320834,12769.6950763453
2014-04-01 18:10:00,2014-04-01 18:00:00,"false",40.836236102,-73.887320834,12769.6950763453
2014-04-01 20:45:00,2014-04-01 20:45:00,"true",40.634549807,-74.165143879,19796.5150560628
2014-04-01 20:45:00,2014-04-01 20:45:00,"true",40.634549807,-74.165143879,19796.5150560628
2014-04-01 23:05:00,2014-04-01 23:00:00,"false",40.897819015,-73.852619148,20007.1489708001
2014-04-02 00:55:00,2014-04-02 00:45:00,"true",40.813807276,-73.949861899,7831.23819945951
2014-04-02 01:38:00,2014-04-02 01:30:00,"false",40.7016468420001,-73.938011524,6601.07441519242
2014-04-02 18:53:00,2014-04-02 18:45:00,"false",40.648850747,-73.951016511,11500.9178347602
2014-04-03 18:10:00,2014-04-03 18:00:00,"false",40.833834983,-73.8769869779999,13156.6592496682
2014-04-03 18:10:00,2014-04-03 18:00:00,"false",40.833834983,-73.8769869779999,13156.6592496682
2014-04-03 20:34:00,2014-04-03 20:30:00,"false",40.698723366,-73.8217551339999,14891.7501719914
2014-04-05 18:00:00,2014-04-05 18:00:00,"false",40.809672914,-73.920192113,8725.39693391202
2014-04-06 03:52:00,2014-04-06 03:45:00,"false",40.651116416,-73.94331418,11441.9960616538
2014-04-06 16:45:00,2014-04-06 16:45:00,"true",40.883657349,-73.847846352,18964.7156025179
2014-04-06 17:54:00,2014-04-06 17:45:00,"true",40.7027585760001,-73.923110712,7343.48271612476
2014-04-06 20:39:00,2014-04-06 20:30:00,"true",40.673164489,-73.907767911,10670.7915724978
2014-04-06 22:59:00,2014-04-06 22:45:00,"true",40.6460170220001,-73.949059393,11848.141329547
2014-04-07 18:19:00,2014-04-07 18:15:00,"false",40.662487657,-73.90401357,11813.4288557267
2014-04-07 20:14:00,2014-04-07 20:00:00,"false",40.6343759230001,-73.883980171,15349.8074878131
2014-04-07 21:31:00,2014-04-07 21:30:00,"false",40.6814804530001,-73.923988835,9113.82342472377
2014-04-08 17:19:00,2014-04-08 17:15:00,"false",40.6437950550001,-73.949795287,12071.6049192707
2014-04-09 16:40:00,2014-04-09 16:30:00,"false",40.684011839,-73.857755976,12964.7227711788
2014-04-09 19:37:00,2014-04-09 19:30:00,"false",40.821471908,-73.90527915,10538.0861453911
2014-04-09 22:20:00,2014-04-09 22:15:00,"false",40.863458548,-73.9017391529999,14580.4818470704
2014-04-10 00:15:00,2014-04-10 00:15:00,"false",40.8213927190001,-73.9541412409999,8498.58125144501
2014-04-10 02:00:00,2014-04-10 02:00:00,"false",40.667574668,-73.9072948629999,11192.0580589649
2014-04-10 20:56:00,2014-04-10 20:45:00,"false",40.800880121,-73.940954259,6902.57487848364
2014-04-10 21:06:00,2014-04-10 21:00:00,"false",40.841628859,-73.914473039,11937.4221696986
2014-04-11 20:14:00,2014-04-11 20:00:00,"false",40.586856798,-74.100826129,20493.8260656283
2014-04-11 23:02:00,2014-04-11 23:00:00,"false",40.5926744700001,-73.799216971,23437.3810216416
2014-04-12 00:23:00,2014-04-12 00:15:00,"false",40.673429889,-73.9501657009999,8903.93154128514
2014-04-12 02:30:00,2014-04-12 02:30:00,"false",40.6713598200001,-73.881811023,12279.8680170528
2014-04-12 02:30:00,2014-04-12 02:30:00,"false",40.6713598200001,-73.881811023,12279.8680170528
2014-04-12 08:01:00,2014-04-12 08:00:00,"false",40.817708757,-73.9239732409999,9254.50238237192
2014-04-12 11:15:00,2014-04-12 11:15:00,"true",40.7605305390001,-73.918845002,5764.09098155575
2014-04-12 20:57:00,2014-04-12 20:45:00,"false",40.636818411,-74.118651775,16789.3921984837
2014-04-13 00:20:00,2014-04-13 00:15:00,"false",40.7948249300001,-73.938619094,6465.51760183654
2014-04-13 00:50:00,2014-04-13 00:45:00,"false",40.5979077550001,-73.798684274,23038.9890582066
2014-04-13 20:29:00,2014-04-13 20:15:00,"false",40.8232034000001,-73.863418086,13203.1969899088
2014-04-14 00:10:00,2014-04-14 00:00:00,"true",40.6951417660001,-73.9751266229999,6037.97563003695
2014-04-14 01:59:00,2014-04-14 01:45:00,"false",40.665634777,-73.9096991219999,11250.8593476361
2014-04-14 02:15:00,2014-04-14 02:15:00,"false",40.658878493,-73.953348293,10371.4668100137
2014-04-14 11:56:00,2014-04-14 11:45:00,"false",40.645079439,-73.9580244539999,11777.3417119319
2014-04-14 11:56:00,2014-04-14 11:45:00,"false",40.645079439,-73.9580244539999,11777.3417119319
2014-04-14 19:30:00,2014-04-14 19:30:00,"false",40.8696921530001,-73.865736507,16815.4808788331
2014-04-14 20:03:00,2014-04-14 20:00:00,"false",40.6660418710001,-73.906965369,11346.6298583427
2014-04-14 20:05:00,2014-04-14 20:00:00,"false",40.6957782540001,-73.9457938049999,6785.36705567387
2014-04-14 20:05:00,2014-04-14 20:00:00,"false",40.6957782540001,-73.9457938049999,6785.36705567387
2014-04-14 20:14:00,2014-04-14 20:00:00,"false",40.743088555,-73.986373547,642.654365169811
2014-04-14 20:49:00,2014-04-14 20:45:00,"false",40.8574537380001,-73.847542991,16770.3919613892
2014-04-15 02:54:00,2014-04-15 02:45:00,"false",40.64221866,-74.0941760589999,15001.88508907
2014-04-15 11:55:00,2014-04-15 11:45:00,"true",40.853788175,-73.8831819819999,14518.3085492674
2014-04-17 03:23:00,2014-04-17 03:15:00,"false",40.754973556,-73.946355179,3365.50528314418
2014-04-17 06:45:00,2014-04-17 06:45:00,"true",40.6923879060001,-73.9151312289999,8639.12216500177
2014-04-17 16:52:00,2014-04-17 16:45:00,"false",40.8159304100001,-73.945166453,8205.68772296282
2014-04-18 20:54:00,2014-04-18 20:45:00,"false",40.6362283820001,-73.907786083,14143.1945708414
2014-04-19 03:00:00,2014-04-19 03:00:00,"false",40.7918812300001,-73.938422502,6219.76537990063
2014-04-19 05:10:00,2014-04-19 05:00:00,"true",40.682396919,-73.840080724,14320.1933131517
2014-04-19 06:06:00,2014-04-19 06:00:00,"false",40.7000418870001,-73.920504799,7712.35409663123
2014-04-19 07:30:00,2014-04-19 07:30:00,"false",40.702847616,-73.905284721,8479.31685583773
2014-04-19 11:00:00,2014-04-19 11:00:00,"true",40.687086638,-73.839472498,14102.1680798909
2014-04-19 16:38:00,2014-04-19 16:30:00,"false",40.707239816,-73.792726726,16902.2380665255
2014-04-20 01:12:00,2014-04-20 01:00:00,"false",40.8231793040001,-73.866536496,12997.8150568305
2014-04-20 03:14:00,2014-04-20 03:00:00,"false",40.8699746620001,-73.849948086,17669.4061702492
2014-04-20 04:40:00,2014-04-20 04:30:00,"false",40.827114964,-73.9480318769999,9268.4708922009
2014-04-20 23:30:00,2014-04-20 23:30:00,"false",40.632528189,-73.933661834,13662.7353512406
2014-04-20 23:30:00,2014-04-20 23:30:00,"false",40.632528189,-73.933661834,13662.7353512406
2014-04-20 23:55:00,2014-04-20 23:45:00,"false",40.830394116,-73.8940277149999,11908.3334238945
2014-04-22 00:50:00,2014-04-22 00:45:00,"false",40.8893178440001,-73.842286012,19749.4479274722
2014-04-22 17:16:00,2014-04-22 17:15:00,"false",40.8191266810001,-73.917390932,9702.92548883375
2014-04-22 17:16:00,2014-04-22 17:15:00,"false",40.8191266810001,-73.917390932,9702.92548883375
2014-04-22 18:38:00,2014-04-22 18:30:00,"false",40.8452198000001,-73.908443339,12540.1353374575
2014-04-22 19:50:00,2014-04-22 19:45:00,"false",40.874999389,-73.8654604709999,17305.2071138569
2014-04-22 22:32:00,2014-04-22 22:30:00,"false",40.6747019540001,-74.002926294,8381.52686422221
2014-04-24 14:00:00,2014-04-24 14:00:00,"false",40.687462634,-73.96262128,7095.82837334115
2014-04-24 15:45:00,2014-04-24 15:45:00,"false",40.816916,-73.8866318899999,11261.2352464465
2014-04-25 01:28:00,2014-04-25 01:15:00,"false",40.8135931780001,-73.949348845,7825.93170749756
2014-04-25 14:29:00,2014-04-25 14:15:00,"false",40.6890489420001,-73.958614955,7027.43364445294
2014-04-25 14:32:00,2014-04-25 14:30:00,"false",40.8304743780001,-73.903994825,11390.0872801377
2014-04-26 00:04:00,2014-04-26 00:00:00,"false",40.6758268350001,-73.930458179,9355.92837770806
2014-04-26 00:11:00,2014-04-26 00:00:00,"false",40.680346195,-73.9300363679999,8940.97150933128
2014-04-26 00:58:00,2014-04-26 00:45:00,"false",40.8168437160001,-73.848067751,13834.6774836025
2014-04-26 12:43:00,2014-04-26 12:30:00,"true",40.657647991,-73.928084865,11243.5852593483
2014-04-26 21:42:00,2014-04-26 21:30:00,"true",40.8821572320001,-73.8319157399999,19687.3788863667
2014-04-27 16:18:00,2014-04-27 16:15:00,"false",40.6701671660001,-73.915729292,10547.2903695247
2014-04-27 22:12:00,2014-04-27 22:00:00,"false",40.8291114800001,-73.90553138,11191.0203729409
2014-04-28 18:46:00,2014-04-28 18:45:00,"false",40.829596962,-73.8965473539999,11703.7859249011
2014-04-28 18:46:00,2014-04-28 18:45:00,"false",40.829596962,-73.8965473539999,11703.7859249011
2014-04-28 21:05:00,2014-04-28 21:00:00,"false",40.8587295150001,-73.901538725,14130.5729612827
2014-04-28 22:08:00,2014-04-28 22:00:00,"false",40.871314855,-73.846400724,17976.7811378723
2014-04-29 16:56:00,2014-04-29 16:45:00,"false",40.7116304420001,-73.985799914,4139.70758726677
2014-04-29 18:21:00,2014-04-29 18:15:00,"false",40.838071373,-73.9182010979999,11437.6044682474
2014-04-29 22:15:00,2014-04-29 22:15:00,"false",40.6924450700001,-73.967688811,6451.2978834951
2014-04-29 22:15:00,2014-04-29 22:15:00,"false",40.6924450700001,-73.967688811,6451.2978834951
2014-04-29 22:15:00,2014-04-29 22:15:00,"false",40.6924450700001,-73.967688811,6451.2978834951
2014-04-30 15:38:00,2014-04-30 15:30:00,"false",40.6897151540001,-73.922440631,8457.38543758733
2014-05-01 15:47:00,2014-05-01 15:45:00,"false",40.630681687,-73.973554196,13188.8990909859
2014-05-02 14:45:00,2014-05-02 14:45:00,"false",40.691905322,-73.97754679,6370.17756540756
2014-05-02 15:44:00,2014-05-02 15:30:00,"false",40.6988269400001,-73.93881792,6813.98520895966
2014-05-02 16:50:00,2014-05-02 16:45:00,"false",40.606289766,-73.75421927,25154.3329200237
2014-05-02 20:52:00,2014-05-02 20:45:00,"false",40.864761393,-73.888896943,15255.9472234943
2014-05-02 22:02:00,2014-05-02 22:00:00,"false",40.8532383940001,-73.9078765309999,13335.1834631228
2014-05-02 23:07:00,2014-05-02 23:00:00,"false",40.8322715470001,-73.913682842,11084.6241385307
2014-05-02 23:20:00,2014-05-02 23:15:00,"false",40.854019899,-73.897014989,13880.0896345977
2014-05-04 01:30:00,2014-05-04 01:30:00,"false",40.699756101,-73.9260570289999,7410.48380026933
2014-05-04 02:00:00,2014-05-04 02:00:00,"false",40.8142877600001,-73.923645237,8957.58669636299
2014-05-04 02:35:00,2014-05-04 02:30:00,"false",40.670881724,-73.907169053,10903.0650318981
2014-05-04 23:51:00,2014-05-04 23:45:00,"false",40.63780404,-73.942377424,12881.0346218964
2014-05-05 00:10:00,2014-05-05 00:00:00,"false",40.6357849300001,-73.893264415,14793.1503737444
2014-05-05 08:55:00,2014-05-05 08:45:00,"false",40.8269921200001,-73.871534678,12956.8282778436
2014-05-05 18:35:00,2014-05-05 18:30:00,"false",40.647536632,-73.89468211,13629.7404212312
2014-05-05 19:28:00,2014-05-05 19:15:00,"true",40.6873082450001,-73.7934670179999,17584.0578896211
2014-05-06 05:07:00,2014-05-06 05:00:00,"false",40.7037063220001,-73.943257065,6154.19296741172
2014-05-06 13:06:00,2014-05-06 13:00:00,"false",40.66451547,-73.9065912739999,11503.3187924737
2014-05-06 15:25:00,2014-05-06 15:15:00,"false",40.667532399,-73.864249619,13654.283910631
2014-05-07 02:55:00,2014-05-07 02:45:00,"false",40.8103518630001,-73.924942326,8539.23546462292
2014-05-07 09:33:00,2014-05-07 09:30:00,"false",40.817907658,-73.938088167,8664.62072394082
2014-05-07 16:00:00,2014-05-07 16:00:00,"false",40.8141146290001,-73.917184458,9269.66405814677
2014-05-07 19:00:00,2014-05-07 19:00:00,"false",40.6575328480001,-73.910549858,11966.227811767
2014-05-07 23:04:00,2014-05-07 23:00:00,"false",40.690129121,-73.756414102,20396.5943177566
2014-05-08 18:40:00,2014-05-08 18:30:00,"false",40.6799885780001,-73.907043258,10121.685686542
2014-05-08 18:40:00,2014-05-08 18:30:00,"false",40.6799885780001,-73.907043258,10121.685686542
2014-05-08 20:40:00,2014-05-08 20:30:00,"false",40.662694134,-73.888306933,12612.8983505973
2014-05-08 22:04:00,2014-05-08 22:00:00,"true",40.875127149,-73.866497086,17265.9147596765
2014-05-09 04:42:00,2014-05-09 04:30:00,"true",40.8872128030001,-73.8302289169999,20206.4321382737
2014-05-09 04:42:00,2014-05-09 04:30:00,"true",40.8872128030001,-73.8302289169999,20206.4321382737
2014-05-09 06:45:00,2014-05-09 06:45:00,"false",40.661130072,-73.9201290089999,11209.2785553479
2014-05-10 02:15:00,2014-05-10 02:15:00,"false",40.861336866,-73.857589562,16520.4659565969
2014-05-10 15:04:00,2014-05-10 15:00:00,"true",40.686204257,-73.7684643329999,19587.8910466194
2014-05-10 16:00:00,2014-05-10 16:00:00,"false",40.8185046580001,-73.939505214,8669.67503737932
2014-05-11 01:16:00,2014-05-11 01:15:00,"false",40.6644168170001,-73.8910234419999,12318.2076285515
2014-05-11 04:38:00,2014-05-11 04:30:00,"true",40.8315773300001,-73.85095705,14605.486945496
2014-05-11 18:44:00,2014-05-11 18:30:00,"false",40.8466409920001,-73.919042657,12242.6673592089
2014-05-11 19:57:00,2014-05-11 19:45:00,"false",40.6924039630001,-73.929447426,7857.71840946008
2014-05-11 20:54:00,2014-05-11 20:45:00,"false",40.585943345,-73.816101923,23089.9469196441
2014-05-11 21:32:00,2014-05-11 21:30:00,"true",40.8800380870001,-73.8623656349999,17912.9374075358
2014-05-11 23:54:00,2014-05-11 23:45:00,"false",40.6593567840001,-73.9202707969999,11375.8405113506
2014-05-12 04:18:00,2014-05-12 04:15:00,"false",40.880401234,-73.903750735,16183.7188016601
2014-05-12 07:05:00,2014-05-12 07:00:00,"false",40.6693858890001,-73.7638833249999,20680.3735035928
2014-05-12 20:44:00,2014-05-12 20:30:00,"false",40.6667949320001,-73.8757294879999,13002.2938477273
2014-05-13 15:30:00,2014-05-13 15:30:00,"false",40.8574218790001,-73.902347256,13970.4902463508
2014-05-13 15:30:00,2014-05-13 15:30:00,"false",40.8574218790001,-73.902347256,13970.4902463508
2014-05-13 22:37:00,2014-05-13 22:30:00,"false",40.8293451820001,-73.8876154829999,12178.6991308729
2014-05-14 01:30:00,2014-05-14 01:30:00,"false",40.6027762300001,-73.7501173649999,25670.3019068363
2014-05-15 04:20:00,2014-05-15 04:15:00,"false",40.595869936,-73.781895654,24190.5495369779
2014-05-15 09:57:00,2014-05-15 09:45:00,"false",40.6724254550001,-73.763139402,20594.74646962
2014-05-15 18:00:00,2014-05-15 18:00:00,"false",40.731989088,-73.813869301,14590.6834835427
2014-05-15 19:06:00,2014-05-15 19:00:00,"false",40.704164168,-73.907508172,8241.25227914515
2014-05-15 19:06:00,2014-05-15 19:00:00,"false",40.704164168,-73.907508172,8241.25227914515
2014-05-16 00:25:00,2014-05-16 00:15:00,"false",40.8223914430001,-73.9198884899999,9879.07847794175
2014-05-16 14:37:00,2014-05-16 14:30:00,"false",40.8533226060001,-73.902889164,13554.138296797
2014-05-16 14:55:00,2014-05-16 14:45:00,"false",40.6568386230001,-73.909387559,12083.7444613921
2014-05-17 01:00:00,2014-05-17 01:00:00,"false",40.6389853750001,-74.1712534329999,19886.6430800112
2014-05-17 05:06:00,2014-05-17 05:00:00,"false",40.900646341,-73.851448998,20323.2841030438
2014-05-17 05:46:00,2014-05-17 05:45:00,"false",40.6821139140001,-73.9090566639999,9831.54843945891
2014-05-17 13:34:00,2014-05-17 13:30:00,"false",40.575167418,-73.9980281209999,19359.8430817755
2014-05-17 13:34:00,2014-05-17 13:30:00,"false",40.575167418,-73.9980281209999,19359.8430817755
2014-05-17 16:35:00,2014-05-17 16:30:00,"false",40.6576752600001,-73.8970448539999,12592.5027598256
2014-05-17 21:17:00,2014-05-17 21:15:00,"false",40.830722328,-73.827126059,16159.7538765508
2014-05-17 21:55:00,2014-05-17 21:45:00,"false",40.673749399,-73.8834002149999,11997.8737748225
2014-05-17 22:04:00,2014-05-17 22:00:00,"false",40.7346922180001,-73.810562601,14832.1099252243
2014-05-17 22:06:00,2014-05-17 22:00:00,"false",40.8630038220001,-73.924254521,13716.5665243786
2014-05-17 22:50:00,2014-05-17 22:45:00,"false",40.8763061340001,-73.879646635,16758.373474126
2014-05-18 02:33:00,2014-05-18 02:30:00,"false",40.6508485730001,-73.961919682,11084.7912280994
2014-05-18 06:24:00,2014-05-18 06:15:00,"false",40.673429889,-73.9501657009999,8903.93154128514
2014-05-18 14:26:00,2014-05-18 14:15:00,"false",40.8568857930001,-73.903198237,13882.9648932385
2014-05-18 15:40:00,2014-05-18 15:30:00,"true",40.670600989,-73.9046561769999,11057.3844799005
2014-05-18 15:40:00,2014-05-18 15:30:00,"false",40.670600989,-73.9046561769999,11057.3844799005
2014-05-18 17:46:00,2014-05-18 17:45:00,"false",40.6833564770001,-73.8865058279999,11079.9556188769
2014-05-18 17:46:00,2014-05-18 17:45:00,"false",40.6833564770001,-73.8865058279999,11079.9556188769
2014-05-19 13:43:00,2014-05-19 13:30:00,"false",40.869424757,-73.85135604,17546.1460585629
2014-05-19 13:43:00,2014-05-19 13:30:00,"false",40.869424757,-73.85135604,17546.1460585629
2014-05-19 14:45:00,2014-05-19 14:45:00,"false",40.823729879,-73.908911679,10542.1018515986
2014-05-19 20:20:00,2014-05-19 20:15:00,"false",40.66513739,-73.90772359,11391.6237462611
2014-05-19 21:45:00,2014-05-19 21:45:00,"false",40.8072393240001,-73.936307988,7709.79165411943
2014-05-20 17:54:00,2014-05-20 17:45:00,"false",40.6920674340001,-73.954674853,6829.40262221653
2014-05-20 18:16:00,2014-05-20 18:15:00,"false",40.812117211,-73.955169752,7493.94352855944
2014-05-21 02:30:00,2014-05-21 02:30:00,"false",40.8065385740001,-73.9189114979999,8528.02855306426
2014-05-21 08:54:00,2014-05-21 08:45:00,"true",40.8852649130001,-73.8434445469999,19333.794490681
2014-05-21 18:28:00,2014-05-21 18:15:00,"false",40.838778996,-73.8647031799999,14276.0456312462
2014-05-21 22:30:00,2014-05-21 22:30:00,"false",40.659632259,-73.888189739,12880.3017768182
2014-05-21 23:35:00,2014-05-21 23:30:00,"false",40.837185665,-73.907980975,11805.5724991482
2014-05-22 00:01:00,2014-05-22 00:00:00,"false",40.649687199,-73.893408849,13493.8700145321
2014-05-23 00:28:00,2014-05-23 00:15:00,"false",40.6902118300001,-73.945275695,7351.02159910076
2014-05-23 17:54:00,2014-05-23 17:45:00,"false",40.6712535570001,-73.926714754,9954.76048872003
2014-05-24 02:42:00,2014-05-24 02:30:00,"false",40.6891374250001,-73.931788159,8038.50759210633
2014-05-24 18:48:00,2014-05-24 18:45:00,"false",40.6728972290001,-73.768967913,20125.6673954738
2014-05-24 18:48:00,2014-05-24 18:45:00,"false",40.6728972290001,-73.768967913,20125.6673954738
2014-05-24 22:14:00,2014-05-24 22:00:00,"false",40.64134611,-74.086829757,14709.6825810156
2014-05-25 00:21:00,2014-05-25 00:15:00,"false",40.674938232,-73.866068415,13002.8102574201
2014-05-25 06:17:00,2014-05-25 06:15:00,"true",40.6630551750001,-73.923640373,10878.0247318674
2014-05-25 16:14:00,2014-05-25 16:00:00,"false",40.845247789,-73.882955271,13776.9930246868
2014-05-25 21:25:00,2014-05-25 21:15:00,"false",40.675539545,-73.901617426,10795.9230952384
2014-05-25 22:10:00,2014-05-25 22:00:00,"false",40.6991659500001,-73.7920681849999,17223.667828836
2014-05-25 22:10:00,2014-05-25 22:00:00,"false",40.6991659500001,-73.7920681849999,17223.667828836
2014-05-25 23:55:00,2014-05-25 23:45:00,"false",40.651782488,-73.88545586,13706.3699420573
2014-05-26 01:20:00,2014-05-26 01:15:00,"false",40.675831058,-73.7529675169999,21231.0076646611
2014-05-26 01:20:00,2014-05-26 01:15:00,"true",40.675831058,-73.7529675169999,21231.0076646611
2014-05-26 01:20:00,2014-05-26 01:15:00,"false",40.675831058,-73.7529675169999,21231.0076646611
2014-05-26 01:20:00,2014-05-26 01:15:00,"true",40.675831058,-73.7529675169999,21231.0076646611
2014-05-26 02:30:00,2014-05-26 02:30:00,"false",40.6748819270001,-73.927510647,9572.00057931976
2014-05-26 06:43:00,2014-05-26 06:30:00,"false",40.8499329320001,-73.90562109,13112.226567583
2014-05-26 22:05:00,2014-05-26 22:00:00,"false",40.6357849300001,-73.893264415,14793.1503737444
2014-05-26 22:05:00,2014-05-26 22:00:00,"false",40.6357849300001,-73.893264415,14793.1503737444
2014-05-26 22:48:00,2014-05-26 22:45:00,"false",40.708451005,-73.939412569,5938.02777738799
2014-05-27 00:25:00,2014-05-27 00:15:00,"false",40.702322012,-73.824092047,14561.6297889365
2014-05-27 02:10:00,2014-05-27 02:00:00,"false",40.813089559,-73.9579783309999,7519.61905464144
2014-05-27 02:29:00,2014-05-27 02:15:00,"true",40.6450100920001,-74.008635382,11720.5534028937
2014-05-27 03:30:00,2014-05-27 03:30:00,"false",40.8655900580001,-73.922191681,14048.7419372085
2014-05-27 04:53:00,2014-05-27 04:45:00,"false",40.616529272,-73.9281021479999,15500.9562764347
2014-05-28 00:35:00,2014-05-28 00:30:00,"false",40.6809004450001,-73.87136723,12238.5465278287
2014-05-29 19:32:00,2014-05-29 19:30:00,"true",40.6714878870001,-73.939219485,9450.15040100299
2014-05-30 20:28:00,2014-05-30 20:15:00,"false",40.641279835,-73.9563945579999,12219.2137604548
2014-05-30 20:28:00,2014-05-30 20:15:00,"false",40.641279835,-73.9563945579999,12219.2137604548
2014-05-30 23:30:00,2014-05-30 23:30:00,"false",40.7754440620001,-73.933003613,5322.06888325475
2014-05-31 06:22:00,2014-05-31 06:15:00,"false",40.666928983,-73.895608529,11855.1379417373
2014-05-31 10:45:00,2014-05-31 10:45:00,"false",40.6877322940001,-73.937490125,7911.87579723434
2014-05-31 17:00:00,2014-05-31 17:00:00,"false",40.814803479,-73.956284484,7745.46237312172
2014-05-31 20:09:00,2014-05-31 20:00:00,"false",40.6734924090001,-73.9348670749999,9408.07201047277
2014-05-31 20:09:00,2014-05-31 20:00:00,"false",40.6734924090001,-73.9348670749999,9408.07201047277
2014-05-31 20:14:00,2014-05-31 20:00:00,"false",40.690223604,-73.960278586,6859.04183793048
2014-05-31 21:55:00,2014-05-31 21:45:00,"false",40.6928010510001,-73.932517344,7668.82579025338
2014-05-31 23:00:00,2014-05-31 23:00:00,"false",40.669101836,-73.897102917,11588.5916519245
2014-05-31 23:00:00,2014-05-31 23:00:00,"false",40.632423756,-73.884045488,15527.6698912693
2014-05-31 23:00:00,2014-05-31 23:00:00,"false",40.669101836,-73.897102917,11588.5916519245
2014-06-01 00:15:00,2014-06-01 00:15:00,"false",40.8162058440001,-73.896001193,10634.5776714095
2014-06-01 01:40:00,2014-06-01 01:30:00,"false",40.660224892,-73.896741761,12380.3267519928
2014-06-01 02:00:00,2014-06-01 02:00:00,"false",40.676021274,-73.881274382,11954.2596915627
2014-06-01 05:26:00,2014-06-01 05:15:00,"false",40.6787567970001,-73.793994189,17937.0044243563
2014-06-02 17:45:00,2014-06-02 17:45:00,"true",40.6896220260001,-73.960149357,6926.10786556923
2014-06-02 21:54:00,2014-06-02 21:45:00,"false",40.676027273,-73.948532201,8680.41051940489
2014-06-02 23:34:00,2014-06-02 23:30:00,"false",40.6732243370001,-73.891381268,11566.6595742301
2014-06-03 02:45:00,2014-06-03 02:45:00,"false",40.8003796670001,-73.9507898849999,6439.97377562146
2014-06-03 04:20:00,2014-06-03 04:15:00,"false",40.6512609650001,-73.949621189,11272.4955285522
2014-06-03 18:52:00,2014-06-03 18:45:00,"false",40.812699783,-73.9531284889999,7614.76313759779
2014-06-04 18:54:00,2014-06-04 18:45:00,"false",40.668331961,-73.8969033659999,11665.1511594973
2014-06-04 22:23:00,2014-06-04 22:15:00,"false",40.807382407,-73.940510729,7539.22767635491
2014-06-04 22:23:00,2014-06-04 22:15:00,"false",40.807382407,-73.940510729,7539.22767635491
2014-06-04 22:49:00,2014-06-04 22:45:00,"true",40.8571208320001,-73.890513399,14467.9619438006
2014-06-04 22:49:00,2014-06-04 22:45:00,"false",40.8571208320001,-73.890513399,14467.9619438006
2014-06-04 22:49:00,2014-06-04 22:45:00,"true",40.8571208320001,-73.890513399,14467.9619438006
2014-06-04 22:49:00,2014-06-04 22:45:00,"false",40.8571208320001,-73.890513399,14467.9619438006
2014-06-04 23:29:00,2014-06-04 23:15:00,"false",40.6906548420001,-73.9080425619999,9195.01380252988
2014-06-04 23:45:00,2014-06-04 23:45:00,"false",40.658293895,-73.905420061,12129.8818617071
2014-06-04 23:45:00,2014-06-04 23:45:00,"false",40.658293895,-73.905420061,12129.8818617071
2014-06-05 18:20:00,2014-06-05 18:15:00,"false",40.664292726,-73.886264545,12591.9773019532
2014-06-05 18:20:00,2014-06-05 18:15:00,"false",40.664292726,-73.886264545,12591.9773019532
2014-06-06 08:30:00,2014-06-06 08:30:00,"false",40.7478455520001,-73.994779164,795.999800967925
2014-06-06 09:13:00,2014-06-06 09:00:00,"false",40.8394097880001,-73.8587123459999,14688.2358265313
2014-06-06 20:36:00,2014-06-06 20:30:00,"true",40.635844911,-74.165090337,19700.5965381248
2014-06-07 03:15:00,2014-06-07 03:15:00,"false",40.7270362990001,-73.787626232,16859.2527024548
2014-06-07 03:50:00,2014-06-07 03:45:00,"false",40.808020519,-73.949124833,7266.33261034758
2014-06-07 04:56:00,2014-06-07 04:45:00,"false",40.8472812210001,-73.907335611,12784.8163470058
2014-06-07 04:56:00,2014-06-07 04:45:00,"false",40.8472812210001,-73.907335611,12784.8163470058
2014-06-07 18:24:00,2014-06-07 18:15:00,"true",40.860715688,-73.899248738,14418.6041474095
2014-06-07 20:58:00,2014-06-07 20:45:00,"false",40.8426660530001,-73.888948075,13238.3217485399
2014-06-07 22:24:00,2014-06-07 22:15:00,"false",40.81418101,-73.9212133739999,9068.75908416388
2014-06-08 00:53:00,2014-06-08 00:45:00,"false",40.6884660850001,-73.937635249,7835.4622275782
2014-06-08 00:53:00,2014-06-08 00:45:00,"true",40.6884660850001,-73.937635249,7835.4622275782
2014-06-08 00:53:00,2014-06-08 00:45:00,"true",40.6884660850001,-73.937635249,7835.4622275782
2014-06-08 00:53:00,2014-06-08 00:45:00,"false",40.6884660850001,-73.937635249,7835.4622275782
2014-06-08 00:53:00,2014-06-08 00:45:00,"true",40.6884660850001,-73.937635249,7835.4622275782
2014-06-08 00:53:00,2014-06-08 00:45:00,"false",40.6884660850001,-73.937635249,7835.4622275782
2014-06-08 01:20:00,2014-06-08 01:15:00,"false",40.8297459200001,-73.9386408559999,9834.18300231111
2014-06-08 06:00:00,2014-06-08 06:00:00,"false",40.658878493,-73.953348293,10371.4668100137
2014-06-08 20:14:00,2014-06-08 20:00:00,"false",40.8484468030001,-73.9239053539999,12242.6987327831
2014-06-08 21:24:00,2014-06-08 21:15:00,"false",40.865447611,-73.866852754,16382.4974417594
2014-06-08 21:55:00,2014-06-08 21:45:00,"false",40.7033678660001,-73.806715863,15902.7902550894
2014-06-09 01:40:00,2014-06-09 01:30:00,"false",40.68168518,-73.771140413,19564.1992258179
2014-06-09 01:55:00,2014-06-09 01:45:00,"false",40.860803574,-73.857516141,16479.574761767
2014-06-09 15:37:00,2014-06-09 15:30:00,"false",40.673791705,-73.9403795599999,9176.13663993121
2014-06-10 18:45:00,2014-06-10 18:45:00,"false",40.655134321,-73.934162165,11290.5350356044
2014-06-10 22:38:00,2014-06-10 22:30:00,"false",40.8523825090001,-73.9135153189999,13024.477716408
2014-06-11 01:06:00,2014-06-11 01:00:00,"false",40.602194308,-73.749102658,25777.6926520361
2014-06-11 11:00:00,2014-06-11 11:00:00,"false",40.651184732,-73.91376554,12437.8205553108
2014-06-11 22:20:00,2014-06-11 22:15:00,"false",40.7972999580001,-73.948927609,6212.65258863109
2014-06-11 22:50:00,2014-06-11 22:45:00,"false",40.648061736,-73.946370639,11690.3798146021
2014-06-12 04:22:00,2014-06-12 04:15:00,"false",40.674589622,-73.803938176,17401.1461233369
2014-06-12 08:56:00,2014-06-12 08:45:00,"false",40.667574668,-73.9072948629999,11192.0580589649
2014-06-13 23:20:00,2014-06-13 23:15:00,"false",40.902771622,-73.8509463949999,20543.6726351149
2014-06-14 02:15:00,2014-06-14 02:15:00,"false",40.8734313050001,-73.8434238199999,18318.8471144191
2014-06-14 02:30:00,2014-06-14 02:30:00,"true",40.6821343820001,-73.766783429,19885.6640365905
2014-06-14 15:00:00,2014-06-14 15:00:00,"false",40.7948249300001,-73.938619094,6465.51760183654
2014-06-15 01:08:00,2014-06-15 01:00:00,"false",40.596222519,-73.788249568,23784.3788084854
2014-06-15 02:20:00,2014-06-15 02:15:00,"false",40.8539967610001,-73.898977187,13789.8572781069
2014-06-15 02:20:00,2014-06-15 02:15:00,"false",40.8303062360001,-73.897870832,11693.8242058339
2014-06-15 03:00:00,2014-06-15 03:00:00,"false",40.64189128,-73.960680748,12084.7863478191
2014-06-15 03:30:00,2014-06-15 03:30:00,"false",40.6390778370001,-73.953142343,12516.3454954376
2014-06-15 18:37:00,2014-06-15 18:30:00,"false",40.6714061220001,-73.929484057,9825.6472297564
2014-06-15 20:21:00,2014-06-15 20:15:00,"false",40.677659417,-73.949769569,8473.41086252096
2014-06-16 01:00:00,2014-06-16 01:00:00,"false",40.8084839590001,-73.912938394,9025.30467527731
2014-06-16 01:09:00,2014-06-16 01:00:00,"false",40.673363502,-73.961832923,8632.18786610455
2014-06-16 01:30:00,2014-06-16 01:30:00,"true",40.674091784,-73.945929495,8961.22762461073
2014-06-16 16:45:00,2014-06-16 16:45:00,"false",40.847932063,-73.9162001079999,12480.8114286351
2014-06-16 21:58:00,2014-06-16 21:45:00,"true",40.793978988,-73.938444939,6400.27187850722
2014-06-17 19:04:00,2014-06-17 19:00:00,"false",40.6726575170001,-73.890767543,11648.1195635115
2014-06-17 19:04:00,2014-06-17 19:00:00,"false",40.6726575170001,-73.890767543,11648.1195635115
2014-06-17 21:59:00,2014-06-17 21:45:00,"false",40.8628506150001,-73.921342356,13794.956904761
2014-06-17 22:50:00,2014-06-17 22:45:00,"false",40.847932063,-73.9162001079999,12480.8114286351
2014-06-17 23:00:00,2014-06-17 23:00:00,"false",40.659930993,-73.9241264729999,11165.4855664881
2014-06-17 23:35:00,2014-06-17 23:30:00,"false",40.6376835660001,-73.892496173,14648.3594840805
2014-06-17 23:38:00,2014-06-17 23:30:00,"false",40.6456059130001,-73.89252958,13909.7037621675
2014-06-17 23:38:00,2014-06-17 23:30:00,"false",40.6456059130001,-73.89252958,13909.7037621675
2014-06-18 00:45:00,2014-06-18 00:45:00,"false",40.840414782,-73.910829814,11978.9192592371
2014-06-18 04:29:00,2014-06-18 04:15:00,"false",40.634132697,-73.902337799,14566.1397812205
2014-06-18 14:52:00,2014-06-18 14:45:00,"false",40.8350936040001,-73.908048013,11609.1130251167
2014-06-18 18:10:00,2014-06-18 18:00:00,"false",40.576228595,-73.9987676169999,19245.4464683297
2014-06-18 23:47:00,2014-06-18 23:45:00,"true",40.7027884030001,-73.77919277,18137.3076128595
2014-06-19 00:15:00,2014-06-19 00:15:00,"false",40.824727216,-73.9189324669999,10139.9541453339
2014-06-19 00:45:00,2014-06-19 00:45:00,"true",40.8632922670001,-73.8898086469999,15076.6945021511
2014-06-19 00:56:00,2014-06-19 00:45:00,"false",40.6807960200001,-73.91957546,9391.99933921442
2014-06-19 03:34:00,2014-06-19 03:30:00,"false",40.800880121,-73.940954259,6902.57487848364
2014-06-19 23:44:00,2014-06-19 23:30:00,"true",40.821714877,-73.95679661,8466.18452131691
2014-06-19 23:44:00,2014-06-19 23:30:00,"false",40.821714877,-73.95679661,8466.18452131691
2014-06-19 23:44:00,2014-06-19 23:30:00,"false",40.821714877,-73.95679661,8466.18452131691
2014-06-19 23:44:00,2014-06-19 23:30:00,"true",40.821714877,-73.95679661,8466.18452131691
2014-06-20 04:53:00,2014-06-20 04:45:00,"true",40.8503152440001,-73.892054483,13768.5973490534
2014-06-20 22:45:00,2014-06-20 22:45:00,"false",40.769560255,-73.915362546,6343.15830456172
2014-06-20 23:22:00,2014-06-20 23:15:00,"false",40.8817921310001,-73.863714508,18007.4868175586
2014-06-21 02:30:00,2014-06-21 02:30:00,"false",40.8229123080001,-73.870041304,12752.2224967221
2014-06-21 02:30:00,2014-06-21 02:30:00,"false",40.8229123080001,-73.870041304,12752.2224967221
2014-06-21 02:33:00,2014-06-21 02:30:00,"false",40.575520628,-73.994849098,19307.6605136551
2014-06-21 02:57:00,2014-06-21 02:45:00,"false",40.9034893460001,-73.850342019,20638.3634431748
2014-06-21 03:17:00,2014-06-21 03:15:00,"false",40.6968461960001,-73.936508336,7106.61131147824
2014-06-21 03:18:00,2014-06-21 03:15:00,"false",40.800880121,-73.940954259,6902.57487848364
2014-06-21 04:15:00,2014-06-21 04:15:00,"false",40.6504099950001,-73.894216291,13388.8302915656
2014-06-21 04:45:00,2014-06-21 04:45:00,"false",40.8540386430001,-73.884045707,14497.741687595
2014-06-21 22:40:00,2014-06-21 22:30:00,"false",40.6217943520001,-74.08242311,16339.5531314554
2014-06-22 00:05:00,2014-06-22 00:00:00,"false",40.8842795560001,-73.847179501,19053.8404430225
2014-06-22 01:05:00,2014-06-22 01:00:00,"true",40.892350413,-73.8564416689999,19322.7910964006
2014-06-22 01:05:00,2014-06-22 01:00:00,"true",40.892350413,-73.8564416689999,19322.7910964006
2014-06-22 01:05:00,2014-06-22 01:00:00,"true",40.892350413,-73.8564416689999,19322.7910964006
2014-06-22 01:05:00,2014-06-22 01:00:00,"false",40.892350413,-73.8564416689999,19322.7910964006
2014-06-22 01:05:00,2014-06-22 01:00:00,"false",40.892350413,-73.8564416689999,19322.7910964006
2014-06-22 01:05:00,2014-06-22 01:00:00,"false",40.892350413,-73.8564416689999,19322.7910964006
2014-06-22 02:02:00,2014-06-22 02:00:00,"true",40.667367821,-73.903383386,11407.9238122537
2014-06-22 04:00:00,2014-06-22 04:00:00,"false",40.8122971400001,-73.923500761,8785.51245499687
2014-06-22 04:30:00,2014-06-22 04:30:00,"false",40.6978122250001,-73.9050944269999,8841.41888281763
2014-06-22 07:56:00,2014-06-22 07:45:00,"false",40.656696681,-73.910336984,12054.8278721163
2014-06-22 22:45:00,2014-06-22 22:45:00,"false",40.650029642,-73.915547512,12478.5828832984
2014-06-23 02:45:00,2014-06-23 02:45:00,"false",40.6394174180001,-73.956983543,12412.6909638775
2014-06-24 02:00:00,2014-06-24 02:00:00,"false",40.6627896310001,-73.8808566119999,13022.3792307755
2014-06-24 04:00:00,2014-06-24 04:00:00,"false",40.6404746480001,-73.948465487,12457.5682172894
2014-06-24 16:25:00,2014-06-24 16:15:00,"false",40.662519344,-73.927012027,10797.5903431991
2014-06-24 23:35:00,2014-06-24 23:30:00,"false",40.8618941290001,-73.8576611249999,16563.5996889269
2014-06-25 01:42:00,2014-06-25 01:30:00,"false",40.592335711,-73.981488084,17422.5934655489
2014-06-25 03:45:00,2014-06-25 03:45:00,"false",40.634673671,-73.890657225,15014.6219996264
2014-06-25 04:14:00,2014-06-25 04:00:00,"false",40.8486018,-73.8854110789999,13943.662084613
2014-06-25 16:14:00,2014-06-25 16:00:00,"false",40.8102760100001,-73.925622451,8498.33140900642
2014-06-26 22:51:00,2014-06-26 22:45:00,"false",40.8521482800001,-73.9206984909999,12730.5449983734
2014-06-26 22:51:00,2014-06-26 22:45:00,"false",40.8521482800001,-73.9206984909999,12730.5449983734
2014-06-27 14:55:00,2014-06-27 14:45:00,"false",40.8172807600001,-73.9064841169999,10117.4547627606
2014-06-27 17:40:00,2014-06-27 17:30:00,"false",40.8103518630001,-73.924942326,8539.23546462292
2014-06-28 10:53:00,2014-06-28 10:45:00,"false",40.831357645,-73.8922745,12085.7548935702
2014-06-28 19:22:00,2014-06-28 19:15:00,"false",40.575934395,-73.991135245,19251.2368765487
2014-06-28 19:22:00,2014-06-28 19:15:00,"false",40.575934395,-73.991135245,19251.2368765487
2014-06-28 22:19:00,2014-06-28 22:15:00,"true",40.6896655960001,-73.744006062,21406.8220202549
2014-06-28 22:55:00,2014-06-28 22:45:00,"false",40.7875684580001,-73.943130751,5596.90431034542
2014-06-29 00:15:00,2014-06-29 00:15:00,"false",40.81700447,-73.89923543,10507.1315915966
2014-06-29 01:52:00,2014-06-29 01:45:00,"false",40.800930373,-73.941098241,6900.69111155945
2014-06-29 01:52:00,2014-06-29 01:45:00,"false",40.800930373,-73.941098241,6900.69111155945
2014-06-29 01:52:00,2014-06-29 01:45:00,"false",40.800930373,-73.941098241,6900.69111155945
2014-06-29 03:10:00,2014-06-29 03:00:00,"true",40.57077617,-74.122383881,22947.0452766007
2014-06-29 03:27:00,2014-06-29 03:15:00,"true",40.6711117780001,-73.9135635869999,10563.9768090598
2014-06-29 03:27:00,2014-06-29 03:15:00,"true",40.6711117780001,-73.9135635869999,10563.9768090598
2014-06-29 03:27:00,2014-06-29 03:15:00,"false",40.6711117780001,-73.9135635869999,10563.9768090598
2014-06-29 03:27:00,2014-06-29 03:15:00,"false",40.6711117780001,-73.9135635869999,10563.9768090598
2014-06-29 04:00:00,2014-06-29 04:00:00,"false",40.674641782,-73.923182556,9786.0610639208
2014-06-29 04:58:00,2014-06-29 04:45:00,"true",40.8706507700001,-73.89949605,15374.0766651872
2014-06-29 07:00:00,2014-06-29 07:00:00,"false",40.6597889500001,-73.882912808,13155.3320510478
2014-06-29 16:30:00,2014-06-29 16:30:00,"false",40.650233121,-73.942729769,11550.7994992052
2014-06-29 21:32:00,2014-06-29 21:30:00,"false",40.8312703760001,-73.914267507,10964.3790809625
2014-06-29 21:32:00,2014-06-29 21:30:00,"false",40.8312703760001,-73.914267507,10964.3790809625
2014-06-29 23:25:00,2014-06-29 23:15:00,"false",40.6402472880001,-73.919462185,13306.7007108626
2014-06-30 01:09:00,2014-06-30 01:00:00,"true",40.8782374850001,-73.843014954,18749.0028002211
2014-06-30 01:15:00,2014-06-30 01:15:00,"false",40.6274271400001,-73.9209954469999,14566.4967444675
2014-06-30 11:17:00,2014-06-30 11:15:00,"false",40.6705572710001,-73.996122839,8758.45151283702
2014-06-30 11:17:00,2014-06-30 11:15:00,"false",40.6705572710001,-73.996122839,8758.45151283702
2014-07-01 00:55:00,2014-07-01 00:45:00,"false",40.8392450310001,-73.866684514,14194.2476031078
2014-07-01 05:25:00,2014-07-01 05:15:00,"false",40.8590901480001,-73.907079208,13938.2399391411
2014-07-01 17:18:00,2014-07-01 17:15:00,"false",40.901527926,-73.8469388509999,20617.4908007134
2014-07-01 21:00:00,2014-07-01 21:00:00,"false",40.875121956,-73.908996537,15464.7198033888
2014-07-02 02:15:00,2014-07-02 02:15:00,"false",40.8715519360001,-73.902399272,15349.6069018334
2014-07-02 09:45:00,2014-07-02 09:45:00,"false",40.634069175,-73.889180354,15138.1607638123
2014-07-02 16:37:00,2014-07-02 16:30:00,"false",40.689870236,-73.931932547,7964.29636134499
2014-07-02 20:00:00,2014-07-02 20:00:00,"false",40.8233867320001,-73.870169773,12778.1851354206
2014-07-02 20:00:00,2014-07-02 20:00:00,"false",40.8233867320001,-73.870169773,12778.1851354206
2014-07-02 23:20:00,2014-07-02 23:15:00,"false",40.8636821760001,-73.821731034,18808.2888340282
2014-07-02 23:20:00,2014-07-02 23:15:00,"false",40.8636821760001,-73.821731034,18808.2888340282
2014-07-03 16:30:00,2014-07-03 16:30:00,"false",40.7737565800001,-73.932081712,5285.8138029123
2014-07-03 16:30:00,2014-07-03 16:30:00,"false",40.7737565800001,-73.932081712,5285.8138029123
2014-07-03 19:46:00,2014-07-03 19:45:00,"true",40.6728808730001,-73.9236895069999,9929.54192097942
2014-07-04 00:25:00,2014-07-04 00:15:00,"false",40.5940378070001,-73.757778692,25812.9122932139
2014-07-04 04:07:00,2014-07-04 04:00:00,"false",40.6616518550001,-73.909659909,11620.4272448368
2014-07-04 20:30:00,2014-07-04 20:30:00,"false",40.6869523920001,-73.947530837,7592.82543059476
2014-07-04 21:30:00,2014-07-04 21:30:00,"false",40.8238913960001,-73.914004897,10299.6693755177
2014-07-04 22:39:00,2014-07-04 22:30:00,"false",40.8160039960001,-73.9413188249999,8352.3775031095
2014-07-04 23:42:00,2014-07-04 23:30:00,"false",40.905389267,-73.84948489,20854.6044936589
2014-07-05 01:35:00,2014-07-05 01:30:00,"false",40.845044993,-73.880417472,13894.6414015367
2014-07-05 01:59:00,2014-07-05 01:45:00,"false",40.676877462,-74.006641776,8205.88261074533
2014-07-05 05:30:00,2014-07-05 05:30:00,"false",40.829486869,-73.8990588889999,11559.9254266492
2014-07-05 14:35:00,2014-07-05 14:30:00,"false",40.829709316,-73.919315976,10589.4184796803
2014-07-05 17:05:00,2014-07-05 17:00:00,"false",40.6815682800001,-73.912849223,9671.79934257349
2014-07-06 00:05:00,2014-07-06 00:00:00,"false",40.595569998,-73.747101634,26380.2077394969
2014-07-06 01:15:00,2014-07-06 01:15:00,"false",40.87048903,-73.891519831,15686.220958108
2014-07-06 01:17:00,2014-07-06 01:15:00,"false",40.6815404910001,-73.939205366,8443.84422586617
2014-07-06 02:15:00,2014-07-06 02:15:00,"false",40.820981508,-73.892839571,11199.8772846065
2014-07-06 02:25:00,2014-07-06 02:15:00,"true",40.680534998,-73.9570863659999,7968.41468449204
2014-07-06 02:25:00,2014-07-06 02:15:00,"true",40.680534998,-73.9570863659999,7968.41468449204
2014-07-06 03:50:00,2014-07-06 03:45:00,"false",40.8593490700001,-73.9044762029999,14068.654121322
2014-07-06 04:00:00,2014-07-06 04:00:00,"false",40.82272254,-73.903141347,10760.517616693
2014-07-06 04:01:00,2014-07-06 04:00:00,"true",40.6256103000001,-74.0750329259999,15662.6525931376
2014-07-06 05:02:00,2014-07-06 05:00:00,"false",40.654874761,-73.8972789319999,12833.6389555563
2014-07-06 05:08:00,2014-07-06 05:00:00,"true",40.6094781050001,-74.085373342,17657.4987615231
2014-07-06 05:15:00,2014-07-06 05:15:00,"true",40.6358732510001,-74.166849118,19813.0862104895
2014-07-06 13:26:00,2014-07-06 13:15:00,"false",40.6716346920001,-73.933634881,9639.56369698607
2014-07-06 14:00:00,2014-07-06 14:00:00,"false",40.8618941290001,-73.8576611249999,16563.5996889269
2014-07-06 15:30:00,2014-07-06 15:30:00,"false",40.6603556090001,-73.767966546,20826.5975598635
2014-07-06 21:35:00,2014-07-06 21:30:00,"false",40.6876191370001,-73.9547578789999,7287.42430244948
2014-07-06 21:35:00,2014-07-06 21:30:00,"false",40.6876191370001,-73.9547578789999,7287.42430244948
2014-07-06 22:08:00,2014-07-06 22:00:00,"false",40.879269465,-73.848157215,18564.4181834265
2014-07-07 00:01:00,2014-07-07 00:00:00,"false",40.7672885040001,-73.874097262,9610.1371289641
2014-07-07 19:49:00,2014-07-07 19:45:00,"false",40.6728808730001,-73.9236895069999,9929.54192097942
2014-07-07 22:12:00,2014-07-07 22:00:00,"false",40.6740767090001,-73.798145002,17859.4408667331
2014-07-07 22:12:00,2014-07-07 22:00:00,"false",40.6740767090001,-73.798145002,17859.4408667331
2014-07-07 22:16:00,2014-07-07 22:15:00,"false",40.8277950020001,-73.899002513,11417.3246990979
2014-07-08 03:00:00,2014-07-08 03:00:00,"false",40.5968076390001,-73.799810167,23063.8293409289
2014-07-08 03:39:00,2014-07-08 03:30:00,"true",40.675950336,-73.890211688,11416.9185473769
2014-07-08 22:52:00,2014-07-08 22:45:00,"true",40.6944021140001,-73.944661915,6965.74636618429
2014-07-08 23:28:00,2014-07-08 23:15:00,"false",40.682883288,-73.910398449,9692.680540801
2014-07-09 21:30:00,2014-07-09 21:30:00,"false",40.874482551,-73.9003033879999,15720.4014024371
2014-07-09 22:17:00,2014-07-09 22:15:00,"false",40.83861761,-73.870069804,13944.4468310511
2014-07-09 22:17:00,2014-07-09 22:15:00,"false",40.83861761,-73.870069804,13944.4468310511
2014-07-10 19:46:00,2014-07-10 19:45:00,"false",40.831237963,-73.94322713,9840.32723262599
2014-07-10 21:35:00,2014-07-10 21:30:00,"true",40.5797807960001,-73.998425105,18849.0015017589
2014-07-11 00:40:00,2014-07-11 00:30:00,"false",40.771967589,-73.933740012,5063.19153277254
2014-07-11 00:40:00,2014-07-11 00:30:00,"false",40.771967589,-73.933740012,5063.19153277254
2014-07-11 00:40:00,2014-07-11 00:30:00,"false",40.771967589,-73.933740012,5063.19153277254
2014-07-11 00:40:00,2014-07-11 00:30:00,"false",40.771967589,-73.933740012,5063.19153277254
2014-07-11 12:50:00,2014-07-11 12:45:00,"false",40.6389853750001,-74.1712534329999,19886.6430800112
2014-07-11 14:23:00,2014-07-11 14:15:00,"false",40.6731724860001,-73.9390410789999,9285.96599848852
2014-07-11 16:26:00,2014-07-11 16:15:00,"true",40.691473602,-73.9277680179999,8025.83705969059
2014-07-12 02:59:00,2014-07-12 02:45:00,"false",40.8197418660001,-73.9385812089999,8827.67152128995
2014-07-12 02:59:00,2014-07-12 02:45:00,"false",40.8197418660001,-73.9385812089999,8827.67152128995
2014-07-12 04:30:00,2014-07-12 04:30:00,"false",40.7044350300001,-73.8937807139999,9175.25298295691
2014-07-12 04:40:00,2014-07-12 04:30:00,"false",40.8682856250001,-73.891779904,15463.7981735916
2014-07-12 04:40:00,2014-07-12 04:30:00,"false",40.8682856250001,-73.891779904,15463.7981735916
2014-07-12 12:56:00,2014-07-12 12:45:00,"false",40.6775846960001,-73.948386114,8523.29927791394
2014-07-12 18:20:00,2014-07-12 18:15:00,"false",40.859214712,-73.894253151,14493.2176388041
2014-07-12 18:40:00,2014-07-12 18:30:00,"false",40.657588122,-73.9290549,11214.6310361483
2014-07-12 18:40:00,2014-07-12 18:30:00,"false",40.657588122,-73.9290549,11214.6310361483
2014-07-12 19:55:00,2014-07-12 19:45:00,"false",40.6667949320001,-73.8757294879999,13002.2938477273
2014-07-13 00:20:00,2014-07-13 00:15:00,"false",40.600461066,-73.7470182879999,26036.2957992829
2014-07-13 00:30:00,2014-07-13 00:30:00,"false",40.68543262,-73.924891831,8710.56726365257
2014-07-13 01:20:00,2014-07-13 01:15:00,"true",40.6871297260001,-73.949244107,7515.04834956342
2014-07-13 03:40:00,2014-07-13 03:30:00,"false",40.6075188070001,-73.7491425219999,25403.2677191176
2014-07-13 15:44:00,2014-07-13 15:30:00,"false",40.830446119,-73.875789261,12959.8998155523
2014-07-13 22:00:00,2014-07-13 22:00:00,"false",40.648705825,-73.905129366,13043.114992151
2014-07-13 23:44:00,2014-07-13 23:30:00,"false",40.8681900170001,-73.930455879,14072.6352107487
2014-07-14 00:01:00,2014-07-14 00:00:00,"false",40.599733057,-73.7621454599999,25115.6066806193
2014-07-14 03:45:00,2014-07-14 03:45:00,"false",40.6818390330001,-73.765882639,19968.4858396457
2014-07-14 05:45:00,2014-07-14 05:45:00,"true",40.8329422750001,-73.935431916,10269.0851725972
2014-07-14 20:33:00,2014-07-14 20:30:00,"false",40.74027521,-73.848865292,11556.6996615257
2014-07-15 01:10:00,2014-07-15 01:00:00,"false",40.6603949880001,-73.923412066,11147.9051493973
2014-07-15 02:26:00,2014-07-15 02:15:00,"true",40.802138622,-73.939059334,7107.18508151048
2014-07-15 02:26:00,2014-07-15 02:15:00,"false",40.802138622,-73.939059334,7107.18508151048
2014-07-15 02:26:00,2014-07-15 02:15:00,"true",40.802138622,-73.939059334,7107.18508151048
2014-07-15 02:26:00,2014-07-15 02:15:00,"true",40.802138622,-73.939059334,7107.18508151048
2014-07-15 02:26:00,2014-07-15 02:15:00,"true",40.802138622,-73.939059334,7107.18508151048
2014-07-15 02:26:00,2014-07-15 02:15:00,"false",40.802138622,-73.939059334,7107.18508151048
2014-07-15 02:26:00,2014-07-15 02:15:00,"false",40.802138622,-73.939059334,7107.18508151048
2014-07-15 02:26:00,2014-07-15 02:15:00,"false",40.802138622,-73.939059334,7107.18508151048
2014-07-15 23:48:00,2014-07-15 23:45:00,"false",40.6734745320001,-73.918158053,10127.3702561864
2014-07-16 21:50:00,2014-07-16 21:45:00,"false",40.860715688,-73.899248738,14418.6041474095
2014-07-16 21:50:00,2014-07-16 21:45:00,"false",40.860715688,-73.899248738,14418.6041474095
2014-07-17 01:13:00,2014-07-17 01:00:00,"true",40.814848012,-73.899080867,10344.2883897517
2014-07-17 15:17:00,2014-07-17 15:15:00,"false",40.6595089,-73.921196686,11323.4061554909
2014-07-17 16:30:00,2014-07-17 16:30:00,"false",40.6100363190001,-73.7535882509999,24934.7372670281
2014-07-17 22:51:00,2014-07-17 22:45:00,"false",40.652804143,-73.946876329,11172.3321102208
2014-07-18 22:56:00,2014-07-18 22:45:00,"false",40.6909635580001,-73.9065706769999,9259.65716510563
2014-07-19 00:27:00,2014-07-19 00:15:00,"false",40.6354944560001,-73.8851651799999,15190.6373122462
2014-07-19 01:45:00,2014-07-19 01:45:00,"false",40.597637182,-73.786588427,23770.8799140468
2014-07-19 06:04:00,2014-07-19 06:00:00,"false",40.651465665,-73.954236189,11152.2395997426
2014-07-19 06:04:00,2014-07-19 06:00:00,"false",40.651465665,-73.954236189,11152.2395997426
2014-07-19 16:24:00,2014-07-19 16:15:00,"false",40.6971688250001,-73.9437454229999,6739.62715138287
2014-07-19 17:21:00,2014-07-19 17:15:00,"false",40.671558405,-73.932252696,9700.52953294026
2014-07-20 00:28:00,2014-07-20 00:15:00,"false",40.587662714,-73.810560231,23234.3507945498
2014-07-20 01:40:00,2014-07-20 01:30:00,"false",40.6686199640001,-73.763194821,20769.511807828
2014-07-20 01:41:00,2014-07-20 01:30:00,"false",40.6830055390001,-73.93949653,8288.00033139845
2014-07-20 04:57:00,2014-07-20 04:45:00,"false",40.681824722,-73.893784054,10742.7597653418
2014-07-20 05:17:00,2014-07-20 05:15:00,"false",40.8641366430001,-73.9191804339999,13998.4233617652
2014-07-20 05:20:00,2014-07-20 05:15:00,"false",40.8209742940001,-73.939566649,8914.23819050005
2014-07-20 18:56:00,2014-07-20 18:45:00,"false",40.6711117780001,-73.9135635869999,10563.9768090598
2014-07-21 00:45:00,2014-07-21 00:45:00,"false",40.5949347850001,-73.786770351,23974.2906866057
2014-07-21 01:35:00,2014-07-21 01:30:00,"false",40.6725160830001,-73.925204913,9897.88677827595
2014-07-21 19:11:00,2014-07-21 19:00:00,"false",40.824940343,-73.8783224749999,12381.5388501642
2014-07-22 00:24:00,2014-07-22 00:15:00,"false",40.8209879570001,-73.893876495,11139.6713292933
2014-07-22 01:48:00,2014-07-22 01:45:00,"false",40.816087833,-73.895824805,10635.8723798507
2014-07-22 19:50:00,2014-07-22 19:45:00,"false",40.6473093220001,-73.959954132,11502.4912019596
2014-07-22 19:50:00,2014-07-22 19:45:00,"false",40.6473093220001,-73.959954132,11502.4912019596
2014-07-22 21:17:00,2014-07-22 21:15:00,"false",40.657757416,-73.95177383,10527.0616049869
2014-07-23 12:09:00,2014-07-23 12:00:00,"false",40.6831892660001,-73.9118134399999,9589.14326960472
2014-07-23 13:04:00,2014-07-23 13:00:00,"false",40.6671964610001,-73.9617127669999,9303.73307385114
2014-07-25 14:33:00,2014-07-25 14:30:00,"false",40.682603815,-73.9364716429999,8449.35872006107
2014-07-25 20:08:00,2014-07-25 20:00:00,"false",40.6953953410001,-73.791585442,17401.6199919237
2014-07-25 23:15:00,2014-07-25 23:15:00,"true",40.754934468,-73.910389966,6364.44777979672
2014-07-26 01:00:00,2014-07-26 01:00:00,"false",40.7496338940001,-73.905569418,6735.30596306007
2014-07-26 01:40:00,2014-07-26 01:30:00,"false",40.7103361760001,-73.745337928,20701.474231308
2014-07-26 02:00:00,2014-07-26 02:00:00,"false",40.6780545280001,-73.9301881659999,9152.93180927007
2014-07-26 14:11:00,2014-07-26 14:00:00,"false",40.66276879,-73.9075304249999,11617.507191558
2014-07-26 18:50:00,2014-07-26 18:45:00,"false",40.6859357170001,-73.9400784439999,7977.41878928801
2014-07-27 00:55:00,2014-07-27 00:45:00,"false",40.841849349,-73.916539142,11872.5600096455
2014-07-27 04:50:00,2014-07-27 04:45:00,"false",40.696107501,-73.815944795,15455.8178726845
2014-07-27 09:52:00,2014-07-27 09:45:00,"false",40.598078732,-73.762944916,25187.4714032117
2014-07-27 15:02:00,2014-07-27 15:00:00,"false",40.6957804480001,-73.979529135,5924.93994267169
2014-07-27 15:05:00,2014-07-27 15:00:00,"false",40.838963397,-73.863747808,14347.8775927089
2014-07-27 15:05:00,2014-07-27 15:00:00,"false",40.838963397,-73.863747808,14347.8775927089
2014-07-27 15:05:00,2014-07-27 15:00:00,"false",40.838963397,-73.863747808,14347.8775927089
2014-07-27 15:30:00,2014-07-27 15:30:00,"false",40.5950426630001,-73.785143573,24062.0284997525
2014-07-27 20:16:00,2014-07-27 20:15:00,"false",40.6583801720001,-73.886184971,13095.6361543327
2014-07-27 23:47:00,2014-07-27 23:45:00,"false",40.820014013,-73.886974586,11475.1736517642
2014-07-28 13:08:00,2014-07-28 13:00:00,"false",40.7325882640001,-74.0018948589999,2278.74537452864
2014-07-28 20:20:00,2014-07-28 20:15:00,"false",40.842978519,-73.914578375,12063.2653632563
2014-07-28 20:20:00,2014-07-28 20:15:00,"false",40.842978519,-73.914578375,12063.2653632563
2014-07-29 20:00:00,2014-07-29 20:00:00,"false",40.651583325,-73.961300979,11013.861251817
2014-07-29 22:50:00,2014-07-29 22:45:00,"true",40.825147513,-73.949470578,9021.3740913676
2014-07-29 22:50:00,2014-07-29 22:45:00,"true",40.825147513,-73.949470578,9021.3740913676
2014-07-30 10:25:00,2014-07-30 10:15:00,"false",40.6585788800001,-73.908871819,11943.4807094725
2014-07-30 12:59:00,2014-07-30 12:45:00,"false",40.65725616,-73.906583418,12172.104931908
2014-07-30 16:29:00,2014-07-30 16:15:00,"false",40.710672318,-73.946291187,5378.69737947173
2014-07-30 18:57:00,2014-07-30 18:45:00,"false",40.844303305,-73.8801124949999,13847.5785884718
2014-07-30 19:19:00,2014-07-30 19:15:00,"false",40.6835494530001,-73.9884945159999,7270.15560886649
2014-07-30 21:15:00,2014-07-30 21:15:00,"false",40.630392973,-73.895000981,15233.1328603708
2014-07-30 21:41:00,2014-07-30 21:30:00,"true",40.636561838,-74.088153274,15209.5878478078
2014-07-31 06:37:00,2014-07-31 06:30:00,"false",40.8223151280001,-73.9089395839999,10416.5530933087
2014-07-31 20:35:00,2014-07-31 20:30:00,"false",40.8233867320001,-73.870169773,12778.1851354206
2014-07-31 21:40:00,2014-07-31 21:30:00,"false",40.6566729640001,-73.91324486,11929.9219000281
2014-07-31 22:16:00,2014-07-31 22:15:00,"true",40.8337814060001,-73.9265777479999,10679.7774538021
2014-07-31 23:12:00,2014-07-31 23:00:00,"false",40.6747077750001,-73.924333179,9728.06449913936
2014-08-01 02:40:00,2014-08-01 02:30:00,"false",40.6789643930001,-73.9370548909999,8782.08290561946
2014-08-01 05:30:00,2014-08-01 05:30:00,"false",40.8611878450001,-73.9063557229999,14172.8388653837
2014-08-01 10:45:00,2014-08-01 10:45:00,"false",40.8254629030001,-73.870402616,12914.6670031183
2014-08-01 14:28:00,2014-08-01 14:15:00,"false",40.5986582040001,-73.758728347,25411.5272439003
2014-08-01 15:37:00,2014-08-01 15:30:00,"false",40.829883383,-73.936759681,9912.75055270868
2014-08-01 20:05:00,2014-08-01 20:00:00,"false",40.688942411,-73.905041244,9509.20374262555
2014-08-01 21:50:00,2014-08-01 21:45:00,"false",40.6546382070001,-73.9296795019999,11491.2067857728
2014-08-01 21:50:00,2014-08-01 21:45:00,"false",40.6546382070001,-73.9296795019999,11491.2067857728
2014-08-02 00:01:00,2014-08-02 00:00:00,"false",40.7730313970001,-73.933751139,5123.65375235965
2014-08-02 00:26:00,2014-08-02 00:15:00,"false",40.84649489,-73.882634332,13902.2211710495
2014-08-02 01:13:00,2014-08-02 01:00:00,"false",40.837229091,-73.906784264,11865.6389052244
2014-08-02 01:40:00,2014-08-02 01:30:00,"false",40.8240747400001,-73.9087109009999,10582.8170081509
2014-08-02 02:02:00,2014-08-02 02:00:00,"false",40.592885671,-73.79565279,23623.0058044282
2014-08-02 02:03:00,2014-08-02 02:00:00,"false",40.6736211510001,-73.92083776,9988.70199480056
2014-08-02 04:44:00,2014-08-02 04:30:00,"false",40.7565933070001,-73.875604825,9301.57177963524
2014-08-02 10:33:00,2014-08-02 10:30:00,"false",40.6655933060001,-73.954333283,9628.84309794871
2014-08-02 12:30:00,2014-08-02 12:30:00,"false",40.819449976,-73.94078288,8716.92144809917
2014-08-03 01:40:00,2014-08-03 01:30:00,"false",40.885739146,-73.8565465849999,18713.9824425672
2014-08-03 03:38:00,2014-08-03 03:30:00,"false",40.8155995390001,-73.9032686749999,10160.0599662679
2014-08-03 10:25:00,2014-08-03 10:15:00,"false",40.5937208120001,-73.9832045649999,17266.2492403937
2014-08-03 14:54:00,2014-08-03 14:45:00,"false",40.8345521470001,-73.928959939,10664.7303962561
2014-08-03 14:54:00,2014-08-03 14:45:00,"false",40.8345521470001,-73.928959939,10664.7303962561
2014-08-04 01:06:00,2014-08-04 01:00:00,"false",40.5942380750001,-73.9368406199999,17689.8806054235
2014-08-04 17:00:00,2014-08-04 17:00:00,"false",40.834516921,-73.917709256,11116.9133096022
2014-08-05 05:30:00,2014-08-05 05:30:00,"true",40.88085627,-73.834334697,19444.4816846969
2014-08-05 05:30:00,2014-08-05 05:30:00,"true",40.88085627,-73.834334697,19444.4816846969
2014-08-05 21:04:00,2014-08-05 21:00:00,"false",40.851810454,-73.909218653,13141.2479741327
2014-08-05 21:10:00,2014-08-05 21:00:00,"false",40.6409841550001,-74.086924772,14747.1422726322
2014-08-06 01:02:00,2014-08-06 01:00:00,"false",40.6516347990001,-73.9328119259999,11694.1559008089
2014-08-06 01:02:00,2014-08-06 01:00:00,"false",40.6516347990001,-73.9328119259999,11694.1559008089
2014-08-06 02:45:00,2014-08-06 02:45:00,"false",40.668481323,-73.961087958,9175.75602097168
2014-08-06 02:45:00,2014-08-06 02:45:00,"false",40.668481323,-73.961087958,9175.75602097168
2014-08-06 16:00:00,2014-08-06 16:00:00,"false",40.855897799,-73.92801918,12864.3994223146
2014-08-06 17:01:00,2014-08-06 17:00:00,"false",40.585943345,-73.816101923,23089.9469196441
2014-08-06 17:01:00,2014-08-06 17:00:00,"false",40.585943345,-73.816101923,23089.9469196441
2014-08-06 18:40:00,2014-08-06 18:30:00,"false",40.6963516260001,-73.976434566,5889.49777794431
2014-08-08 01:20:00,2014-08-08 01:15:00,"false",40.8347199200001,-73.919682568,11051.9986532736
2014-08-08 19:31:00,2014-08-08 19:30:00,"false",40.825126848,-73.890103547,11692.4259485594
2014-08-09 01:30:00,2014-08-09 01:30:00,"false",40.834330052,-73.900693985,11900.1930353459
2014-08-09 01:30:00,2014-08-09 01:30:00,"false",40.834330052,-73.900693985,11900.1930353459
2014-08-09 16:40:00,2014-08-09 16:30:00,"false",40.5899191940001,-73.7886912659999,24265.477603253
2014-08-09 16:40:00,2014-08-09 16:30:00,"false",40.5899191940001,-73.7886912659999,24265.477603253
2014-08-09 23:20:00,2014-08-09 23:15:00,"false",40.830967646,-73.8931132499999,12006.8688666174
2014-08-10 00:35:00,2014-08-10 00:30:00,"true",40.7039681460001,-73.940206503,6283.27143785175
2014-08-10 00:35:00,2014-08-10 00:30:00,"false",40.7039681460001,-73.940206503,6283.27143785175
2014-08-10 00:35:00,2014-08-10 00:30:00,"true",40.7039681460001,-73.940206503,6283.27143785175
2014-08-10 00:35:00,2014-08-10 00:30:00,"false",40.7039681460001,-73.940206503,6283.27143785175
2014-08-10 03:45:00,2014-08-10 03:45:00,"false",40.6607934680001,-73.939812681,10527.7408508885
2014-08-10 05:37:00,2014-08-10 05:30:00,"true",40.675513591,-73.901158486,10823.5087104419
2014-08-10 05:40:00,2014-08-10 05:30:00,"false",40.657461369,-73.930994746,11159.0303416479
2014-08-10 10:38:00,2014-08-10 10:30:00,"false",40.5904345340001,-73.981123382,17634.8012650673
2014-08-10 20:48:00,2014-08-10 20:45:00,"false",40.8318668160001,-73.897768836,11834.4060956179
2014-08-10 21:00:00,2014-08-10 21:00:00,"false",40.574751905,-73.987122647,19377.3661506465
2014-08-10 21:38:00,2014-08-10 21:30:00,"false",40.6560029290001,-73.909178756,12171.9992776034
2014-08-10 22:00:00,2014-08-10 22:00:00,"false",40.676103192,-73.949914947,8631.32459890172
2014-08-11 02:40:00,2014-08-11 02:30:00,"true",40.8160575700001,-73.954320135,7931.167507945
2014-08-11 17:11:00,2014-08-11 17:00:00,"false",40.760781023,-73.934144601,4524.94470028979
2014-08-12 01:15:00,2014-08-12 01:15:00,"false",40.8217021230001,-73.8606576339999,13282.5678182098
2014-08-12 01:57:00,2014-08-12 01:45:00,"true",40.827114964,-73.9480318769999,9268.4708922009
2014-08-12 02:20:00,2014-08-12 02:15:00,"false",40.7020786030001,-73.779810042,18109.9910350456
2014-08-12 06:03:00,2014-08-12 06:00:00,"true",40.815764427,-73.885858695,11224.0449909123
2014-08-12 06:03:00,2014-08-12 06:00:00,"true",40.815764427,-73.885858695,11224.0449909123
2014-08-12 12:56:00,2014-08-12 12:45:00,"false",40.887333502,-73.8472482029999,19320.3628430489
2014-08-13 01:08:00,2014-08-13 01:00:00,"false",40.887333502,-73.8472482029999,19320.3628430489
2014-08-13 04:49:00,2014-08-13 04:45:00,"false",40.6657712160001,-73.9411463979999,9971.26519023455
2014-08-13 08:35:00,2014-08-13 08:30:00,"true",40.644060661,-73.957232565,11901.7504550118
2014-08-13 16:26:00,2014-08-13 16:15:00,"false",40.661434291,-73.894032107,12414.0699928124
2014-08-14 21:52:00,2014-08-14 21:45:00,"false",40.8222985720001,-73.9116948079999,10272.9758737092
2014-08-14 21:52:00,2014-08-14 21:45:00,"false",40.8222985720001,-73.9116948079999,10272.9758737092
2014-08-15 00:12:00,2014-08-15 00:00:00,"false",40.823729879,-73.908911679,10542.1018515986
2014-08-15 01:49:00,2014-08-15 01:45:00,"false",40.689515688,-73.970133893,6726.32484183152
2014-08-15 17:54:00,2014-08-15 17:45:00,"false",40.7173753530001,-73.9393476389999,5230.6251636356
2014-08-16 00:28:00,2014-08-16 00:15:00,"false",40.6983321340001,-73.7919950519999,17259.608097061
2014-08-16 02:00:00,2014-08-16 02:00:00,"false",40.8478354530001,-73.8935404389999,13470.7019872112
2014-08-16 02:00:00,2014-08-16 02:00:00,"false",40.8478354530001,-73.8935404389999,13470.7019872112
2014-08-16 02:00:00,2014-08-16 02:00:00,"false",40.8478354530001,-73.8935404389999,13470.7019872112
2014-08-16 13:33:00,2014-08-16 13:30:00,"false",40.686592062,-73.871812827,11826.7887034187
2014-08-16 16:26:00,2014-08-16 16:15:00,"false",40.597819036,-73.999378478,16850.2314789307
2014-08-16 21:55:00,2014-08-16 21:45:00,"false",40.7931533440001,-73.9374979099999,6378.62285856479
2014-08-16 21:55:00,2014-08-16 21:45:00,"false",40.7931533440001,-73.9374979099999,6378.62285856479
2014-08-17 01:10:00,2014-08-17 01:00:00,"false",40.814803479,-73.956284484,7745.46237312172
2014-08-17 02:40:00,2014-08-17 02:30:00,"false",40.6908305760001,-73.936612326,7657.02022886396
2014-08-17 02:53:00,2014-08-17 02:45:00,"true",40.8305841540001,-73.947554892,9645.74038760717
2014-08-17 02:53:00,2014-08-17 02:45:00,"true",40.8305841540001,-73.947554892,9645.74038760717
2014-08-17 04:20:00,2014-08-17 04:15:00,"false",40.805182437,-73.91862937,8430.77225845534
2014-08-17 04:20:00,2014-08-17 04:15:00,"false",40.805182437,-73.91862937,8430.77225845534
2014-08-17 05:35:00,2014-08-17 05:30:00,"false",40.6713598200001,-73.881811023,12279.8680170528
2014-08-17 05:58:00,2014-08-17 05:45:00,"false",40.6810792680001,-73.788719692,18230.0925956108
2014-08-17 05:58:00,2014-08-17 05:45:00,"false",40.6810792680001,-73.788719692,18230.0925956108
2014-08-17 05:58:00,2014-08-17 05:45:00,"false",40.6810792680001,-73.788719692,18230.0925956108
2014-08-17 05:58:00,2014-08-17 05:45:00,"false",40.6810792680001,-73.788719692,18230.0925956108
2014-08-17 05:58:00,2014-08-17 05:45:00,"false",40.6810792680001,-73.788719692,18230.0925956108
2014-08-17 05:58:00,2014-08-17 05:45:00,"false",40.6810792680001,-73.788719692,18230.0925956108
2014-08-17 14:28:00,2014-08-17 14:15:00,"false",40.6512286080001,-73.8811524989999,13980.7494194384
2014-08-17 23:35:00,2014-08-17 23:30:00,"false",40.6640518360001,-73.948787674,9929.68412850362
2014-08-18 19:37:00,2014-08-18 19:30:00,"true",40.66276879,-73.9075304249999,11617.507191558
2014-08-18 21:09:00,2014-08-18 21:00:00,"false",40.831785913,-73.93052261,10330.4465268025
2014-08-18 23:48:00,2014-08-18 23:45:00,"false",40.697188302,-73.921548845,7878.76868143584
2014-08-19 13:05:00,2014-08-19 13:00:00,"true",40.7867308670001,-73.941130664,5635.67594328997
2014-08-19 22:06:00,2014-08-19 22:00:00,"false",40.631110753,-73.9525320939999,13393.9723909043
2014-08-19 22:32:00,2014-08-19 22:30:00,"true",40.677877563,-73.797082111,17746.1650602381
2014-08-20 00:44:00,2014-08-20 00:30:00,"true",40.6878080230001,-73.943352174,7663.35036730853
2014-08-20 00:44:00,2014-08-20 00:30:00,"true",40.6878080230001,-73.943352174,7663.35036730853
2014-08-20 16:00:00,2014-08-20 16:00:00,"false",40.590973041,-73.978276759,17581.4804054086
2014-08-20 17:15:00,2014-08-20 17:15:00,"false",40.848549264,-73.868634646,14836.6404069018
2014-08-20 18:04:00,2014-08-20 18:00:00,"false",40.8497208580001,-73.919846991,12518.4778745341
2014-08-20 21:10:00,2014-08-20 21:00:00,"false",40.6699710080001,-73.770908667,20117.4910190897
2014-08-20 21:13:00,2014-08-20 21:00:00,"false",40.823355996,-73.89946428,11015.8354914735
2014-08-20 22:37:00,2014-08-20 22:30:00,"true",40.5754432410001,-73.9877956619999,19300.9141170556
2014-08-20 23:05:00,2014-08-20 23:00:00,"false",40.6714061220001,-73.929484057,9825.6472297564
2014-08-20 23:30:00,2014-08-20 23:30:00,"false",40.6232258310001,-74.1492278709999,19663.2054602739
2014-08-20 23:30:00,2014-08-20 23:30:00,"false",40.6232258310001,-74.1492278709999,19663.2054602739
2014-08-21 18:40:00,2014-08-21 18:30:00,"false",40.8438839350001,-73.9358904709999,11376.449218823
2014-08-21 18:59:00,2014-08-21 18:45:00,"true",40.7375771870001,-74.0097443619999,2402.39823501304
2014-08-21 22:50:00,2014-08-21 22:45:00,"false",40.8142877600001,-73.923645237,8957.58669636299
2014-08-22 01:24:00,2014-08-22 01:15:00,"true",40.6997993300001,-73.9837321099999,5458.4974233353
2014-08-22 01:24:00,2014-08-22 01:15:00,"true",40.6997993300001,-73.9837321099999,5458.4974233353
2014-08-22 14:05:00,2014-08-22 14:00:00,"false",40.6386527880001,-74.132141368,17427.8944603714
2014-08-22 19:22:00,2014-08-22 19:15:00,"false",40.652954053,-74.0059314499999,10810.7936078213
2014-08-23 00:35:00,2014-08-23 00:30:00,"false",40.655344386,-73.951514281,10791.7636839236
2014-08-23 00:35:00,2014-08-23 00:30:00,"false",40.655344386,-73.951514281,10791.7636839236
2014-08-23 01:10:00,2014-08-23 01:00:00,"false",40.8204106750001,-73.893329823,11125.5384034933
2014-08-23 02:05:00,2014-08-23 02:00:00,"false",40.6965910420001,-73.7833902679999,18009.3893881958
2014-08-23 03:05:00,2014-08-23 03:00:00,"false",40.8627933450001,-73.901690426,14517.724539801
2014-08-23 03:30:00,2014-08-23 03:30:00,"false",40.7566663910001,-73.9439500999999,3605.25050775571
2014-08-23 03:46:00,2014-08-23 03:45:00,"false",40.8203225660001,-73.958643067,8273.93346968756
2014-08-23 14:00:00,2014-08-23 14:00:00,"false",40.6758477770001,-73.916545892,9988.17025870303
2014-08-23 14:15:00,2014-08-23 14:15:00,"false",40.6878631160001,-73.949389584,7435.48719948619
2014-08-23 20:22:00,2014-08-23 20:15:00,"false",40.887147005,-73.855759194,18880.0850526957
2014-08-23 21:50:00,2014-08-23 21:45:00,"false",40.6924794720001,-73.75941297,20073.4781699122
2014-08-23 23:38:00,2014-08-23 23:30:00,"false",40.70137563,-73.9067853239999,8479.85138420501
2014-08-24 07:33:00,2014-08-24 07:30:00,"false",40.678348134,-73.908365529,10189.1069714094
2014-08-24 16:20:00,2014-08-24 16:15:00,"false",40.6443775930001,-73.9588676509999,11840.2823823022
2014-08-24 22:45:00,2014-08-24 22:45:00,"false",40.8504083940001,-73.9028125419999,13280.206041026
2014-08-25 21:00:00,2014-08-25 21:00:00,"false",40.679840217,-73.9532074429999,8145.54685704644
2014-08-25 23:45:00,2014-08-25 23:45:00,"false",40.8574537380001,-73.847542991,16770.3919613892
2014-08-26 16:05:00,2014-08-26 16:00:00,"true",40.575934395,-73.991135245,19251.2368765487
2014-08-26 22:36:00,2014-08-26 22:30:00,"false",40.7038826530001,-73.9125506789999,7925.86211131941
2014-08-26 22:36:00,2014-08-26 22:30:00,"false",40.7038826530001,-73.9125506789999,7925.86211131941
2014-08-27 03:04:00,2014-08-27 03:00:00,"false",40.7606775510001,-73.87248154,9615.37059816116
2014-08-27 14:05:00,2014-08-27 14:00:00,"false",40.6882098520001,-73.98205891,6752.74235755365
2014-08-27 16:06:00,2014-08-27 16:00:00,"false",40.830446119,-73.875789261,12959.8998155523
2014-08-27 18:20:00,2014-08-27 18:15:00,"false",40.8315862750001,-73.8765324359999,13004.8707814878
2014-08-27 21:26:00,2014-08-27 21:15:00,"false",40.6694668170001,-73.8628314709999,13603.2145555026
2014-08-27 22:36:00,2014-08-27 22:30:00,"false",40.738378696,-73.862580448,10425.9005040912
2014-08-28 14:11:00,2014-08-28 14:00:00,"false",40.6683494800001,-73.906515838,11161.5484661039
2014-08-28 18:02:00,2014-08-28 18:00:00,"false",40.8270606990001,-73.871037711,12993.0037636038
2014-08-29 02:06:00,2014-08-29 02:00:00,"false",40.762044835,-73.827328903,13412.757262582
2014-08-29 13:10:00,2014-08-29 13:00:00,"false",40.703687668,-73.939881479,6324.73395304758
2014-08-29 16:30:00,2014-08-29 16:30:00,"false",40.8166090720001,-73.9427570779999,8359.86874004516
2014-08-29 20:50:00,2014-08-29 20:45:00,"false",40.8746110440001,-73.909690138,15388.7152320582
2014-08-29 23:18:00,2014-08-29 23:15:00,"true",40.6578255260001,-73.9038191189999,12248.6965278554
2014-08-29 23:18:00,2014-08-29 23:15:00,"true",40.6578255260001,-73.9038191189999,12248.6965278554
2014-08-29 23:18:00,2014-08-29 23:15:00,"false",40.6578255260001,-73.9038191189999,12248.6965278554
2014-08-29 23:18:00,2014-08-29 23:15:00,"false",40.6578255260001,-73.9038191189999,12248.6965278554
2014-08-30 00:10:00,2014-08-30 00:00:00,"false",40.645079439,-73.9580244539999,11777.3417119319
2014-08-30 03:20:00,2014-08-30 03:15:00,"false",40.863458548,-73.9017391529999,14580.4818470704
2014-08-30 05:30:00,2014-08-30 05:30:00,"false",40.8322903930001,-73.9096211029999,11276.7424126977
2014-08-30 21:45:00,2014-08-30 21:45:00,"false",40.80900337,-73.942429024,7617.5198886852
2014-08-30 22:35:00,2014-08-30 22:30:00,"false",40.6894642950001,-73.92402909,8395.78639919329
2014-08-30 22:35:00,2014-08-30 22:30:00,"false",40.6894642950001,-73.92402909,8395.78639919329
2014-08-30 22:35:00,2014-08-30 22:30:00,"false",40.6894642950001,-73.92402909,8395.78639919329
2014-08-31 00:33:00,2014-08-31 00:30:00,"true",40.877730011,-73.8417864529999,18772.2165743625
2014-08-31 01:54:00,2014-08-31 01:45:00,"false",40.79634158,-73.9411986869999,6472.35854749429
2014-08-31 01:54:00,2014-08-31 01:45:00,"false",40.79634158,-73.9411986869999,6472.35854749429
2014-08-31 02:27:00,2014-08-31 02:15:00,"false",40.6875655630001,-73.9389519759999,7865.62610385327
2014-08-31 10:00:00,2014-08-31 10:00:00,"false",40.795779538,-73.965401474,5493.70064236966
2014-08-31 19:40:00,2014-08-31 19:30:00,"false",40.617653191,-74.079990245,16640.7213261376
2014-08-31 22:35:00,2014-08-31 22:30:00,"true",40.865122281,-73.888499097,15307.7972834661
2014-09-01 00:27:00,2014-09-01 00:15:00,"true",40.820998349,-73.895394395,11052.2709578301
2014-09-01 03:30:00,2014-09-01 03:30:00,"true",40.66382459,-73.952412846,9862.98696324164
2014-09-01 03:30:00,2014-09-01 03:30:00,"true",40.66382459,-73.952412846,9862.98696324164
2014-09-01 03:30:00,2014-09-01 03:30:00,"false",40.66382459,-73.952412846,9862.98696324164
2014-09-01 03:30:00,2014-09-01 03:30:00,"true",40.66382459,-73.952412846,9862.98696324164
2014-09-01 03:30:00,2014-09-01 03:30:00,"false",40.66382459,-73.952412846,9862.98696324164
2014-09-01 03:30:00,2014-09-01 03:30:00,"false",40.66382459,-73.952412846,9862.98696324164
2014-09-01 03:33:00,2014-09-01 03:30:00,"false",40.6710365710001,-73.930910857,9804.68994889611
2014-09-01 04:30:00,2014-09-01 04:30:00,"false",40.6651260030001,-73.958988452,9579.874818211
2014-09-01 16:00:00,2014-09-01 16:00:00,"false",40.6319276890001,-73.924364343,13995.7000861929
2014-09-01 17:44:00,2014-09-01 17:30:00,"false",40.812699437,-73.92161996,8916.29268499196
2014-09-01 17:44:00,2014-09-01 17:30:00,"false",40.812699437,-73.92161996,8916.29268499196
2014-09-01 19:02:00,2014-09-01 19:00:00,"false",40.869470477,-73.879860804,16109.3251396031
2014-09-01 23:35:00,2014-09-01 23:30:00,"false",40.6825650550001,-73.9850442119999,7375.20387183039
2014-09-01 23:36:00,2014-09-01 23:30:00,"false",40.7479862490001,-74.0008940119999,1307.58156370506
2014-09-03 01:45:00,2014-09-03 01:45:00,"false",40.631765842,-73.887301282,15439.7097117306
2014-09-03 02:53:00,2014-09-03 02:45:00,"false",40.6671782930001,-73.9188596779999,10683.9209367133
2014-09-03 03:47:00,2014-09-03 03:45:00,"true",40.668060806,-73.878798359,12719.1676279533
2014-09-03 20:14:00,2014-09-03 20:00:00,"true",40.5743016820001,-73.9940730129999,19440.6676118935
2014-09-04 20:20:00,2014-09-04 20:15:00,"false",40.5937695590001,-73.784419197,24206.0106777462
2014-09-05 03:18:00,2014-09-05 03:15:00,"false",40.6641622340001,-73.946815919,9971.13162515762
2014-09-05 03:18:00,2014-09-05 03:15:00,"false",40.6641622340001,-73.946815919,9971.13162515762
2014-09-05 04:00:00,2014-09-05 04:00:00,"false",40.8835163090001,-73.856081473,18536.116706264
2014-09-05 06:07:00,2014-09-05 06:00:00,"false",40.674495687,-73.9305713259999,9480.2607010264
2014-09-05 20:45:00,2014-09-05 20:45:00,"true",40.8546126460001,-73.884232227,14540.1705451944
2014-09-05 21:13:00,2014-09-05 21:00:00,"false",40.807283447,-73.913572111,8890.97036609178
2014-09-06 00:40:00,2014-09-06 00:30:00,"false",40.602194308,-73.749102658,25777.6926520361
2014-09-06 01:38:00,2014-09-06 01:30:00,"true",40.6715675500001,-73.916067964,10402.1083636378
2014-09-06 01:40:00,2014-09-06 01:30:00,"false",40.8697045000001,-73.866880839,16758.9369639959
2014-09-06 06:58:00,2014-09-06 06:45:00,"true",40.6804049670001,-73.909899277,9930.28457361967
2014-09-06 19:15:00,2014-09-06 19:15:00,"true",40.8109812160001,-73.9490214209999,7570.03727061014
2014-09-06 23:13:00,2014-09-06 23:00:00,"false",40.8185589440001,-73.867683593,12600.4323582786
2014-09-07 03:10:00,2014-09-07 03:00:00,"false",40.7548174950001,-73.944019332,3555.28344745801
2014-09-07 15:49:00,2014-09-07 15:45:00,"true",40.8430482960001,-73.909081073,12305.7736922593
2014-09-07 21:00:00,2014-09-07 21:00:00,"false",40.7052370860001,-73.9657070219999,5128.63327146093
2014-09-08 00:55:00,2014-09-08 00:45:00,"false",40.668013864,-73.740691243,22525.8333296084
2014-09-08 15:37:00,2014-09-08 15:30:00,"false",40.6513834350001,-73.938080522,11558.9087696274
2014-09-08 15:37:00,2014-09-08 15:30:00,"false",40.6513834350001,-73.938080522,11558.9087696274
2014-09-08 17:30:00,2014-09-08 17:30:00,"true",40.7572653500001,-73.831575081,13008.1321179149
2014-09-08 23:00:00,2014-09-08 23:00:00,"false",40.8162058440001,-73.896001193,10634.5776714095
2014-09-09 17:36:00,2014-09-09 17:30:00,"false",40.6664113950001,-73.919484214,10729.2215951671
2014-09-10 14:30:00,2014-09-10 14:30:00,"false",40.636818411,-74.118651775,16789.3921984837
2014-09-10 21:25:00,2014-09-10 21:15:00,"false",40.64563715,-73.8976219739999,13669.1298280062
2014-09-11 05:34:00,2014-09-11 05:30:00,"false",40.643291746,-73.929478635,12660.6060268647
2014-09-11 11:25:00,2014-09-11 11:15:00,"false",40.6941266760001,-73.9372697909999,7319.35639225739
2014-09-11 23:25:00,2014-09-11 23:15:00,"true",40.63495663,-73.896721186,14721.1636551434
2014-09-12 12:28:00,2014-09-12 12:15:00,"false",40.677292956,-73.9065208769999,10379.0008700493
2014-09-12 21:00:00,2014-09-12 21:00:00,"false",40.784507751,-73.975481654,4060.61021129901
2014-09-12 21:00:00,2014-09-12 21:00:00,"false",40.784507751,-73.975481654,4060.61021129901
2014-09-12 21:30:00,2014-09-12 21:30:00,"false",40.6327610870001,-73.88840229,15296.3354369986
2014-09-12 22:30:00,2014-09-12 22:30:00,"false",40.618989576,-73.926378832,15287.7890421051
2014-09-13 01:11:00,2014-09-13 01:00:00,"false",40.640283981,-74.1309276069999,17227.3168992865
2014-09-13 03:28:00,2014-09-13 03:15:00,"false",40.693993989,-73.9416842689999,7131.99343794284
2014-09-13 03:40:00,2014-09-13 03:30:00,"false",40.6823343090001,-73.779815969,18861.2207895477
2014-09-13 06:00:00,2014-09-13 06:00:00,"false",40.856569005,-73.8857236009999,14644.5912557152
2014-09-14 03:25:00,2014-09-14 03:15:00,"false",40.810039121,-73.943916443,7661.03803008536
2014-09-15 16:03:00,2014-09-15 16:00:00,"false",40.844816834,-73.9089198519999,12480.9870643848
2014-09-16 00:16:00,2014-09-16 00:15:00,"false",40.8441290210001,-73.9058147819999,12553.3904616896
2014-09-16 14:59:00,2014-09-16 14:45:00,"false",40.825063218,-73.877397037,12447.8401184241
2014-09-16 23:30:00,2014-09-16 23:30:00,"false",40.6880696920001,-73.934565724,8009.06323908526
2014-09-17 02:11:00,2014-09-17 02:00:00,"false",40.8510544810001,-73.9148729889999,12840.4567306636
2014-09-17 15:12:00,2014-09-17 15:00:00,"false",40.806449576,-73.912563126,8881.8769498602
2014-09-18 14:00:00,2014-09-18 14:00:00,"false",40.6487245170001,-73.9213835259999,12384.0677638084
2014-09-18 17:50:00,2014-09-18 17:45:00,"false",40.8654268610001,-73.867866245,16328.7225684189
2014-09-18 23:26:00,2014-09-18 23:15:00,"false",40.6789605280001,-73.923138149,9385.96209477284
2014-09-19 06:03:00,2014-09-19 06:00:00,"false",40.8768349790001,-73.8540867679999,18042.699029863
2014-09-19 21:50:00,2014-09-19 21:45:00,"false",40.7565933070001,-73.875604825,9301.57177963524
2014-09-19 21:50:00,2014-09-19 21:45:00,"false",40.7565933070001,-73.875604825,9301.57177963524
2014-09-19 22:24:00,2014-09-19 22:15:00,"false",40.5954867890001,-73.784584692,24060.0749511824
2014-09-20 03:55:00,2014-09-20 03:45:00,"true",40.687478938,-73.820990792,15463.1408473402
2014-09-20 12:35:00,2014-09-20 12:30:00,"false",40.6714126050001,-73.8815101449999,12293.8364964898
2014-09-21 01:14:00,2014-09-21 01:00:00,"true",40.8283930210001,-73.942358951,9573.26057105699
2014-09-21 16:03:00,2014-09-21 16:00:00,"false",40.8699038770001,-73.8411510879999,18151.2168528248
2014-09-21 21:36:00,2014-09-21 21:30:00,"false",40.837361108,-73.94107299,10541.7124344576
2014-09-21 23:15:00,2014-09-21 23:15:00,"false",40.651465665,-73.954236189,11152.2395997426
2014-09-22 05:47:00,2014-09-22 05:45:00,"false",40.697549662,-73.946718738,6575.37020338352
2014-09-22 16:12:00,2014-09-22 16:00:00,"false",40.658293895,-73.905420061,12129.8818617071
2014-09-22 20:29:00,2014-09-22 20:15:00,"false",40.592885671,-73.79565279,23623.0058044282
2014-09-22 20:38:00,2014-09-22 20:30:00,"true",40.5859431640001,-74.1012657859999,20600.9883478511
2014-09-23 20:45:00,2014-09-23 20:45:00,"false",40.833701665,-73.9138472179999,11210.8911341544
2014-09-23 20:45:00,2014-09-23 20:45:00,"false",40.849963997,-73.902240504,13263.5306444457
2014-09-23 21:04:00,2014-09-23 21:00:00,"false",40.6642518940001,-73.9583198999999,9687.70078751293
2014-09-24 12:47:00,2014-09-24 12:45:00,"false",40.813897878,-73.899535691,10242.3010766095
2014-09-25 12:53:00,2014-09-25 12:45:00,"true",40.7040281440001,-73.939303654,6324.53806313752
2014-09-25 20:42:00,2014-09-25 20:30:00,"true",40.6697084250001,-73.874932351,12825.2976002989
2014-09-25 22:55:00,2014-09-25 22:45:00,"false",40.788285924,-73.8031524149999,15983.0832809159
2014-09-26 01:36:00,2014-09-26 01:30:00,"false",40.5772077870001,-73.990290242,19107.8618142767
2014-09-26 11:58:00,2014-09-26 11:45:00,"false",40.6794195480001,-73.9220539889999,9395.42187946176
2014-09-26 11:58:00,2014-09-26 11:45:00,"false",40.6794195480001,-73.9220539889999,9395.42187946176
2014-09-26 16:48:00,2014-09-26 16:45:00,"false",40.8641838250001,-73.9022327069999,14631.2119177516
2014-09-26 17:28:00,2014-09-26 17:15:00,"true",40.6322282030001,-73.938462626,13570.5256031844
2014-09-26 18:16:00,2014-09-26 18:15:00,"false",40.657588122,-73.9290549,11214.6310361483
2014-09-26 18:33:00,2014-09-26 18:30:00,"false",40.689505867,-73.9513932099999,7199.90087367962
2014-09-26 19:30:00,2014-09-26 19:30:00,"false",40.707239816,-73.792726726,16902.2380665255
2014-09-26 21:30:00,2014-09-26 21:30:00,"false",40.688509219,-73.9183563999999,8780.29842238772
2014-09-26 23:50:00,2014-09-26 23:45:00,"false",40.7019548650001,-73.905005578,8558.35359864776
2014-09-27 00:39:00,2014-09-27 00:30:00,"false",40.836588336,-73.91214745,11558.8753804694
2014-09-27 07:00:00,2014-09-27 07:00:00,"false",40.687792088,-73.9190622099999,8803.51017737546
2014-09-27 07:47:00,2014-09-27 07:45:00,"true",40.798501344,-73.945940188,6455.35892877409
2014-09-27 15:22:00,2014-09-27 15:15:00,"false",40.664873383,-73.904163556,11590.8461176725
2014-09-27 17:48:00,2014-09-27 17:45:00,"false",40.6716680100001,-73.914519747,10466.9905076827
2014-09-27 17:48:00,2014-09-27 17:45:00,"false",40.6716680100001,-73.914519747,10466.9905076827
2014-09-27 17:48:00,2014-09-27 17:45:00,"false",40.6716680100001,-73.914519747,10466.9905076827
2014-09-27 19:30:00,2014-09-27 19:30:00,"false",40.6400548770001,-73.947444976,12524.5856624742
2014-09-27 23:18:00,2014-09-27 23:15:00,"false",40.6560895870001,-73.953047501,10677.9535155128
2014-09-28 03:10:00,2014-09-28 03:00:00,"false",40.824040004,-73.944759612,9048.19377424645
2014-09-28 03:30:00,2014-09-28 03:30:00,"false",40.73504397,-73.862026902,10520.2159043894
2014-09-29 16:53:00,2014-09-29 16:45:00,"false",40.6393500570001,-74.086134223,14857.3729071367
2014-09-30 11:18:00,2014-09-30 11:15:00,"false",40.6751450030001,-73.918002109,9981.36754242374
